UUID,Title,First Name,Last Name,Street Address,Barangay,Municipality,Province,Country,Phone Number,Mobile Number,Company Name,Company Website,Job Title,Favorite Color,Birthdate,Email Address,Password
"22fb6e75-49ec-3948-a22c-9eddafa12c12","Miss","Michael","Stamm","47A/57 Schuster Summit Suite 404","mouth","Cabuyao","Utah","United States of America","072-179-262","361-238-874","Moen-Champlin","http://www.trantow.org/perferendis-quo-quod-doloribus-tempore-ad-nulla-earum","Sociologist","blue","1982-12-17","runte.kara@yahoo.com","GXmSqC++"
"2bc6ba5b-da2a-348a-814a-e69b027a6d0d","Dr.","Justus","Schinner","57/90 Lehner Loaf","furt","Cebu City","Kentucky","Costa Rica","695-514-845","476-781-696","Terry LLC","http://leuschke.net/","Punching Machine Setters","silver","1979-09-09","drew.corwin@yahoo.com","3xpiw8LJ.`euOE?1z{-"
"81879213-8d1e-34af-8912-7aa17d56b00a","Dr.","Enoch","Kiehn","65A Pollich Camp","stad","General Santos","Washington","Angola","416-260-224","630-891-110","Swift-Luettgen","http://ryan.com/nam-magnam-ratione-commodi-alias","Personal Care Worker","fuchsia","1977-11-22","carter.wilkinson@hotmail.com",".zR'#ln~-4&"
"a835edd3-0789-3c3f-95ba-5a6599e93917","Prof.","Pablo","Schroeder","37 Wyman Meadow Apt. 597","berg","Maasin","West Virginia","Tanzania","936-183-422","330-076-994","Kirlin Group","http://www.homenick.com/modi-pariatur-deserunt-suscipit.html","Medical Assistant","navy","2010-08-10","zreichel@hotmail.com","+J8l[m%Y+s^U=c4Vp"
"4eaff685-d1dc-348e-883f-a420ede067d5","Mr.","Beryl","Blick","77A Schumm Avenue Suite 654","burgh","Cadiz","Maryland","Kyrgyz Republic","614-941-865","079-130-392","Armstrong, Romaguera and Weber","http://kunde.com/ullam-eaque-eaque-dolorem","Record Clerk","olive","2020-09-15","murazik.deshawn@hotmail.com","B;Lr5R"
"86df0625-10de-30b3-84a6-da89ff25344b","Prof.","Shaylee","Kreiger","97A/90 Mosciski Cape Suite 161","furt","Quezon City","Arkansas","Gibraltar","408-587-822","200-062-688","Jast-Champlin","http://www.wilderman.com/et-eius-dicta-repellendus-ut-pariatur","Gas Distribution Plant Operator","yellow","1991-04-13","ferdman@yahoo.com","`}|6wL5L3"
"e02cdf53-9c8a-32af-9932-9362ef411223","Ms.","Madison","Schamberger","54/99 Schulist Crescent Suite 214","bury","Canlaon","Missouri","Norway","661-443-853","626-708-096","Friesen Ltd","http://beatty.com/ut-quo-alias-voluptates-est-possimus-ratione-ut","Automotive Glass Installers","yellow","2020-06-17","metz.malachi@tremblay.net","[`lV+z[6Hki'@Wdy1"
"18d1b916-1fbb-3319-b9fc-ce4bab74e42f","Mrs.","Retta","Krajcik","55/22 Kuvalis Wells Apt. 359","side","Olongapo","Washington","Korea","556-936-958","415-238-781","Farrell-Hickle","http://www.auer.biz/ipsum-odit-aliquam-quasi-itaque-autem-labore","Account Manager","lime","1977-04-12","milo49@yahoo.com","h!tw1!"
"609e1672-4fd5-370e-9605-6717ae4fdaac","Miss","Ceasar","Hilpert","81 Denesik Court","port","Parañaque","New Hampshire","United States Virgin Islands","192-395-929","962-638-157","Harvey-Nicolas","http://www.legros.org/","Health Practitioner","white","1982-08-08","xparisian@reichert.com","F>!C3'$?<V"
"8673d58a-422c-3d66-9bed-430a086a1dce","Miss","Alverta","Jones","78A O'Keefe Inlet Apt. 970","town","Sorsogon City","Pennsylvania","Uganda","705-766-542","637-729-400","Tillman Inc","http://beatty.com/aut-neque-est-sit-quaerat-reprehenderit-consequatur-qui","Environmental Compliance Inspector","lime","2024-01-18","rkrajcik@green.net","VgK]t~2uil|Bb~n3"
"b52c132e-3a5e-3c0d-a5a6-4c1c2f041737","Dr.","Courtney","Brekke","89A Carroll Fall Apt. 067","furt","Batac","Rhode Island","Saint Barthelemy","989-859-448","682-886-050","Buckridge, Ankunding and Wolff","http://bode.com/modi-repellendus-hic-quo-sunt-voluptatem-eum","Musical Instrument Tuner","blue","2023-01-02","abbie.brown@hotmail.com","f]!\q'U5uFYWz{E{6g1"
"214f7307-1642-37e3-a113-b485403f86f2","Dr.","Dandre","Lynch","84A/50 Flatley Avenue","view","Tarlac City","Nevada","United Arab Emirates","503-645-564","296-427-267","West, Durgan and Mertz","http://www.hane.com/et-quam-non-explicabo-nesciunt-iure-dolorum-consectetur","Taper","fuchsia","2000-04-17","tschuppe@yahoo.com","|L)yYF+E9b1P"
"08a81396-9fc3-3993-978c-1580bb52cf02","Prof.","Emory","Harris","43/17 Mante Lodge","berg","Panabo","Illinois","Oman","041-118-558","756-923-151","Dietrich-Miller","http://www.thompson.com/","Ship Engineer","fuchsia","1978-08-12","elenor.monahan@yahoo.com","<Js1y1A+n;6:N|uFVC"
"38c2c253-fe45-3e38-86a5-9fc74d232732","Prof.","Imani","Farrell","18/31 Moen Lake","berg","Ligao","New York","Singapore","057-528-522","880-385-152","Harber Inc","http://www.bode.com/","Biological Science Teacher","silver","2018-06-20","morissette.amalia@yahoo.com","28@oD(*LU,`mM;J(zN1"
"1ab30f8c-f498-387b-8672-65a604bdf747","Prof.","Ellsworth","Kautzer","65/36 Williamson Mountain Suite 337","furt","Navotas","Missouri","Belize","058-919-625","186-721-376","Kassulke-Hermann","http://www.jerde.com/sapiente-voluptatem-vel-a-odio","Woodworking Machine Setter","lime","2016-12-18","fae97@yahoo.com","1+vwJ9pt!"
"82fa7a85-f420-34cb-a631-a193fbc44b3a","Dr.","Garett","Schmeler","55A Corwin Way","side","Vigan","Delaware","Latvia","795-832-753","030-667-627","Casper Group","http://kunze.com/aut-totam-quia-optio-ut","Command Control Center Officer","green","2021-08-11","whansen@gleason.com","K{oCeq'JPA2#(.@;uDG"
"f8dcf38d-d0d4-3e00-9f19-c03755b44955","Dr.","Gussie","Wilkinson","55/54 Feil Crossing Apt. 845","mouth","Laoag","North Carolina","Chile","272-352-903","343-678-844","Flatley-Gaylord","https://wintheiser.com/et-suscipit-nobis-eos-rem-doloribus-illum.html","Typesetting Machine Operator","aqua","2006-08-26","thiel.dulce@yahoo.com","R5@6=rBsD^z0LV""b}#G"
"b69c1498-8945-349a-abcd-82cf870688c3","Prof.","Lesly","Towne","93 Schulist Haven","mouth","Surigao City","Kansas","Niue","854-032-432","517-832-580","Smith-O'Reilly","http://www.champlin.com/","Architect","fuchsia","1984-04-23","maritza.dickinson@gmail.com","nzH$1#n,6"
"77009fbb-7ef6-3501-9019-d7f4dd881ad5","Mr.","Hunter","Morar","02A Davis Parks Apt. 123","ville","Manila","District of Columbia","Martinique","773-500-212","943-614-976","Mayer-Daugherty","http://yundt.biz/eum-ut-et-error-est-ducimus","Medical Equipment Preparer","purple","2003-09-03","iebert@kozey.com","Q8G`WQg*i"
"74d3d0fa-1d7f-386c-aa9d-5ae1ee75f2f8","Mr.","Berry","Buckridge","04A/84 Gibson Mount","burgh","Gapan","Ohio","Saint Martin","889-857-826","826-647-548","Brown, Russel and O'Keefe","http://paucek.com/","Insurance Underwriter","maroon","2012-06-16","kaia54@yahoo.com","GN/j$`_Q!t54O!]=[="
"f16f8332-12bf-3a68-bd47-38d5fa46606a","Prof.","Jarret","Schmidt","41A Tillman Turnpike Suite 786","mouth","Naga","Idaho","Slovenia","160-234-762","666-167-284","Legros LLC","http://www.goldner.com/rem-culpa-voluptas-numquam-eaque.html","Excavating Machine Operator","olive","1994-11-15","terry.alice@willms.net","'|z\}2h^"
"a7d55c1a-121d-35b9-aa56-3808dd90d97a","Mr.","Faye","McKenzie","99 Graham Village","stad","Bogo","Idaho","Benin","735-796-175","064-399-806","Walker-Bogisich","https://jacobs.biz/officia-esse-in-hic-consequuntur-a.html","Agricultural Science Technician","gray","1970-05-20","zachariah09@yahoo.com","IK?""K/|0&}y`oM"
"448b9d76-7e9c-3b9b-bd8d-bcfbd4525acb","Prof.","Destinee","Corwin","14/66 Hammes Stream Suite 444","town","Candon","Nebraska","Central African Republic","390-538-276","890-359-586","Purdy, Miller and Morissette","https://bechtelar.com/deserunt-tenetur-quaerat-omnis-ea.html","Lifeguard","olive","2022-08-12","hickle.maryjane@hotmail.com","8!5l5L,taIZ$,6Iv"
"ba427b49-0069-39e1-8e8a-8aa565c1ac0e","Dr.","Kamron","Bernier","75A/10 Keeling Bypass Suite 680","shire","Carcar","Oregon","Falkland Islands (Malvinas)","150-663-333","178-944-662","Lockman-Rosenbaum","https://www.smith.biz/perferendis-occaecati-corporis-quisquam-placeat","Health Services Manager","gray","1997-12-22","zemlak.reynold@rosenbaum.com",",W\awR"
"62716012-fd6a-3993-b2d9-b8d68364188d","Dr.","Barbara","Steuber","82A/34 Toy Viaduct","berg","Legazpi","Michigan","Serbia","705-570-134","489-076-122","Grant PLC","http://feest.com/quod-laudantium-omnis-facilis-saepe-omnis-qui","Interpreter OR Translator","lime","1996-09-08","celia.mosciski@johnson.info","3PH:OeG|zsaR"
"ef721efd-7b0f-37e2-88bc-c2ae6a0573b9","Miss","Tavares","Pfeffer","69A/25 Crona Groves Apt. 368","ton","Imus","South Carolina","Belarus","100-544-825","714-717-981","Hirthe Ltd","http://effertz.net/et-dolorum-eaque-quod-neque-in.html","Occupational Health Safety Technician","blue","1976-09-09","zachary.willms@bartoletti.info","17m_(.ULDSiI"
"45fd33c6-7f49-3511-9cd9-fd069a55ef62","Dr.","Emie","Hermann","24/60 Jacobs Roads Suite 763","stad","Naga","Arizona","Svalbard & Jan Mayen Islands","769-921-366","581-595-927","Rowe, Harris and Vandervort","https://greenholt.org/alias-repellat-earum-molestiae-similique.html","Bookbinder","maroon","1982-10-29","lamont35@bergstrom.com","n*X%L?XY{nwK"
"2ac59ff3-35bc-326f-b2b3-547f051567d0","Mrs.","Germaine","Hodkiewicz","64A/52 Parisian Vista","bury","Caloocan","Texas","Holy See (Vatican City State)","296-983-928","872-118-631","Boehm, Turner and Goldner","http://www.ondricka.com/eligendi-quis-omnis-eum-voluptatem.html","Refrigeration Mechanic","navy","2019-11-02","anna16@bradtke.com","1936tTkkZJZ"
"2ddf07dd-6196-3c44-8077-c4a3d8198c37","Prof.","Idell","Feeney","97 Ziemann Stream","ville","Cabanatuan","Wisconsin","Solomon Islands","396-793-773","315-906-198","Gusikowski, Nitzsche and Emard","http://lang.com/atque-autem-ea-nobis-laboriosam-quis","Plasterer OR Stucco Mason","aqua","1989-06-03","elmore.romaguera@maggio.org",":8YE8R/I"
"ecaf3260-ca35-3e96-9a73-1d8dc2f4358c","Dr.","Eliane","O'Reilly","60A Borer Divide Suite 045","mouth","Malaybalay","Nebraska","Guernsey","064-655-557","084-453-529","Bailey LLC","http://www.buckridge.com/aliquam-accusamus-reiciendis-quod-iste-corrupti-temporibus-voluptatem.html","Aircraft Cargo Handling Supervisor","silver","1999-03-10","breanna.klein@casper.info","NOO<K-'vWn"
"45796d31-b6f4-3837-a9a2-526ec71243ae","Mrs.","Brady","Brakus","15/26 Howe Passage","shire","Sorsogon City","Illinois","Croatia","307-831-766","127-185-049","Thompson, Pfeffer and Bernhard","http://www.terry.com/qui-expedita-quos-doloremque-sit-provident-aperiam-esse","Product Safety Engineer","olive","1996-11-04","mafalda.mosciski@reichel.net","3`CgK{Meh"
"c5e60d1a-42f3-3fd3-a921-133c3114093c","Dr.","Domingo","Anderson","57A Schmeler Isle","chester","Cebu City","Hawaii","Netherlands Antilles","487-863-659","440-380-589","Christiansen, Walter and Lowe","https://www.gislason.com/voluptatibus-natus-debitis-voluptatem-aliquid-maxime","Graphic Designer","maroon","2023-08-01","heller.hal@hotmail.com",">lub@a"
"30578583-1869-382c-9f49-ba29ec57df4c","Dr.","Werner","Kling","16A Rutherford Mountain","stad","Mandaue","California","Central African Republic","622-934-349","317-886-042","Corkery Ltd","http://www.hegmann.com/sequi-exercitationem-beatae-dolorum-aut-magnam-fugiat-sunt-molestiae","Deburring Machine Operator","gray","1979-09-07","cedrick61@gmail.com","*#>z1+}4H9QmF5"
"fcfc5440-4be2-34ad-a986-83b813729c2b","Mr.","Rylan","McCullough","09A Wuckert Landing","port","Tandag","Arkansas","Sao Tome and Principe","668-637-446","279-085-570","Kohler Group","http://www.langosh.net/","Logistician","gray","2012-06-03","rosetta25@waelchi.com","su+%6Jv%.;qHK^^e"
"de83fec5-1315-318e-9d37-d57a06ab7862","Dr.","Scottie","Crona","96/88 Hintz Shores","furt","Naga","Maryland","Syrian Arab Republic","542-972-401","672-838-402","Halvorson-Muller","https://www.jakubowski.com/provident-aut-harum-rerum-architecto","Credit Authorizer","green","2016-01-16","adolphus.krajcik@lindgren.biz","Q<A$wmNj-?^"""
"2c0f6c01-1b09-3711-b098-48c878449c74","Ms.","Mellie","Lehner","24/13 Kohler Path","port","Pasay","Utah","Palau","301-769-674","673-112-374","D'Amore-McLaughlin","http://www.smith.com/sequi-sunt-animi-ut-ut-provident-dolor-voluptatibus","Central Office Operator","green","2003-09-26","darrion.effertz@hotmail.com","Q+Anl@trc*g94"
"5c8fcf38-5dc1-3668-bd93-1dd5776656e4","Ms.","Dolores","Hegmann","21 Conn Ports Suite 931","mouth","Naga","Idaho","Turks and Caicos Islands","852-815-431","208-124-681","Abshire-Reinger","http://torphy.com/animi-excepturi-voluptas-qui-reprehenderit","Electromechanical Equipment Assembler","teal","2001-06-06","okilback@graham.org","V_]3l?_l[8MOR`s@u2}k"
"293cfcaf-a0a6-3a9f-a6b5-1b4491299409","Mr.","Johnnie","Hettinger","79 Rolfson Radial Apt. 039","mouth","Guihulngan","Idaho","Sudan","985-582-196","789-974-657","Boyer, Quitzon and Dibbert","http://www.runolfsson.com/placeat-natus-quia-cupiditate-amet-fuga-sint-veritatis","Nuclear Technician","yellow","1977-10-05","boyer.gaston@gmail.com","<XPxrU-@q9_.r29yq;"
"7d83f805-95fe-3723-ad5a-cdc3d47432a2","Mr.","Vergie","Berge","34A/03 Jerde Fort Apt. 634","haven","Victorias","Kentucky","Nauru","008-807-607","921-874-921","Littel LLC","http://purdy.com/labore-dolorum-ratione-magni-similique-facilis-molestias.html","Caption Writer","silver","1995-05-12","franecki.ford@gmail.com","ir?8VI"
"7ef049e0-cb87-3c6a-a8c2-0a7bde0c5053","Dr.","Nona","Leannon","58 Mertz Stravenue Apt. 560","borough","Manila","Nevada","Bouvet Island (Bouvetoya)","153-152-401","245-562-402","Quitzon-Kihn","https://trantow.com/animi-voluptas-dolore-eaque-nostrum-ut-doloremque.html","Sales and Related Workers","maroon","1973-09-11","wbauch@pollich.com","e<Rx2(:fH"
"552a1102-6989-380c-91b5-257af86fb6ea","Miss","Matilda","Casper","25A/91 Lebsack Ramp","town","Laoag","Virginia","Germany","587-642-603","686-691-406","Kovacek-Spencer","http://emmerich.com/dolores-corporis-et-libero","Weapons Specialists","green","2007-07-31","ogulgowski@hotmail.com","E`v<^"""
"6f595adb-3632-3099-977b-811caa715095","Ms.","Carlotta","Eichmann","74 Haag Track","port","Talisay","Missouri","Lithuania","451-547-275","264-125-357","Batz, Walker and Hills","http://predovic.biz/qui-non-rerum-maiores-sapiente-velit-ducimus","Personal Service Worker","yellow","2008-04-21","toy.tomas@hotmail.com","VAS9E0L{2*!i)M{7"
"74d3b988-d5d1-365a-9848-51754abda235","Mr.","Kenya","Hills","86 Hickle Crest","fort","Malabon","South Dakota","Palestinian Territories","815-316-841","314-545-976","Feil-Kovacek","https://kutch.com/sed-et-enim-ratione-ipsa-reprehenderit-odio-nobis.html","Geography Teacher","white","1993-08-07","sammy.jenkins@yahoo.com","}=uL_)&Hp,N7mtQl"
"10724388-822a-3c47-9592-be507029fc8f","Prof.","Trey","Erdman","54A/89 Marquardt Shoals","shire","Gapan","Michigan","Monaco","968-581-034","649-171-450","Hauck PLC","http://www.dubuque.net/laborum-minima-ea-repellendus-culpa","Dredge Operator","gray","1975-05-04","murray.gustave@pacocha.com","~_{~Q2=X)^8E"
"bb1d9da6-d38c-3956-a699-69f3f563feb9","Dr.","Corbin","Romaguera","19A DuBuque Center Apt. 946","mouth","Tanjay","Utah","Estonia","794-453-003","996-325-103","Flatley PLC","http://schulist.org/sunt-occaecati-cumque-atque","Molding Machine Operator","purple","2023-08-03","bud89@hotmail.com","IJUD[66az`}GCCBj2"
"b7877d25-3f84-37f4-a5bc-3efcd1988a78","Prof.","Marcel","Towne","93A/28 Walsh Run Suite 652","ville","Maasin","Nevada","France","021-658-787","941-228-551","Koch, Bergnaum and Howell","http://pfeffer.com/praesentium-excepturi-a-voluptate-fugit-rem","Producer","silver","2022-03-09","lois76@gmail.com","l>7rn)FQn{sX#~'Q}"
"94f33a14-027f-303a-ba45-9f56cf743ebe","Dr.","Rogelio","Gerhold","70A Ruecker Lane Suite 287","land","Baguio","Rhode Island","Montenegro","060-283-449","269-594-647","Aufderhar, Swift and Lakin","http://abernathy.com/","System Administrator","white","2002-01-08","xlowe@gmail.com","06?[_.TW9@uhUSO""5x"
"e8d8683c-0c72-3099-8534-a545183f1c9f","Prof.","Marilyne","Boehm","95/72 Grimes Expressway Apt. 547","stad","Cabanatuan","Illinois","Tokelau","464-849-464","017-178-674","Hoppe, Bashirian and Hintz","http://oberbrunner.net/laboriosam-voluptas-id-beatae.html","Commercial Diver","lime","1992-01-13","dlehner@runolfsson.biz","6I%4+jl+"
"9a50842f-d5a7-3bfa-9d2d-492800bdbc29","Mrs.","Zane","Sawayn","23A/91 Kuvalis Hollow","burgh","Talisay","Utah","Saint Barthelemy","016-713-479","498-562-393","Cremin-Dickinson","https://www.kreiger.org/enim-eum-aut-est-itaque-accusantium-quaerat-quo","Philosophy and Religion Teacher","white","2006-12-06","jbrown@gmail.com","[(XOa_V:-"
"9f91eca9-2a61-3f26-95d8-501792dfb9ed","Prof.","Ada","Ortiz","19A Beatty Shore Suite 106","view","Danao","Illinois","Saudi Arabia","817-287-908","338-626-460","Carroll Ltd","http://stiedemann.info/rerum-ducimus-doloremque-consequuntur-quo-et-et","Anthropologist","lime","2010-10-13","lindsay45@hotmail.com","vXNLOo$"
"a572f509-39b9-30ac-a13e-127a9efc4aec","Dr.","Tiara","Heller","24/66 Buckridge Land","town","Iloilo City","Alabama","Israel","589-653-022","222-180-030","Fadel, Herzog and Walter","http://bogisich.com/","Movers","navy","1988-05-04","abe97@gibson.info","Y36QTue&`"
"e40d4cc5-9f1a-3452-bd65-71755e0970f4","Prof.","Cecilia","Treutel","23/64 Mosciski Island","haven","Cabuyao","Hawaii","Palestinian Territories","855-021-645","369-517-455","Murazik Group","https://www.feeney.biz/et-asperiores-consequatur-et-dolorum-doloribus","Bindery Machine Operator","black","1991-03-10","olangworth@gmail.com","5Y!lj\!pYx"
"4ae60171-9412-3405-acfb-b2dda1d2ff6a","Mrs.","Winfield","Koss","48/15 Nicolas Parks Suite 707","mouth","Naga","Pennsylvania","Uganda","630-814-654","527-922-202","Parker Group","http://www.schuster.com/dolores-dignissimos-doloribus-cupiditate-nobis-mollitia-voluptas-aut-sunt","Continuous Mining Machine Operator","blue","2006-12-13","feest.carrie@yahoo.com","c9jl1076jZnP"
"e67af9ce-8ae5-39a4-a8d4-b05b2b8be557","Prof.","Arthur","Senger","91A Schamberger Mountains Suite 922","land","Isabela","Maryland","Greenland","876-626-668","901-078-920","Kub-Dietrich","http://purdy.biz/omnis-ut-earum-assumenda-quo-sit-a-natus-at","Organizational Development Manager","aqua","2008-06-18","vlabadie@goodwin.org","yvEH][Ce"
"f7332b41-547a-3499-b790-833b118d630f","Dr.","Drake","Schumm","90/36 Johnson Roads Apt. 808","ton","Dumaguete","New Jersey","French Polynesia","735-148-411","610-070-525","Sauer-Pfannerstill","http://www.metz.com/magni-sit-at-hic-et-qui","Night Shift","white","2007-09-02","brooks91@hotmail.com","93L|y&lF9RR"
"d3263323-40f7-3396-ba49-6d2b3f1f2ca1","Dr.","Myron","Sipes","81/41 Abernathy Mills","port","Tagaytay","North Carolina","Ukraine","560-656-424","342-687-348","Brakus-McCullough","http://www.mckenzie.com/tempora-magnam-delectus-ab-ex-earum-possimus","Geography Teacher","white","1998-11-16","kerluke.emelia@hotmail.com","s\Z/x5;YCB6w~!w{"
"f44b2aef-e998-3e14-85d6-1c20724c77aa","Prof.","Albin","Crooks","56 Torp Ports","side","San Carlos","Missouri","Slovenia","056-244-002","787-117-487","Swift-Grant","http://www.bogan.com/eum-ullam-porro-atque-similique-sunt-aut.html","Judge","green","2008-09-20","aweimann@hotmail.com","|}R_N%-"
"fe193059-314d-3651-b927-f75c6d54db37","Ms.","Ramon","Lynch","94/89 Spinka Lake","borough","Muntinlupa","Wyoming","Afghanistan","293-758-814","755-394-197","Thiel, Kessler and Jaskolski","http://www.waters.com/id-sint-assumenda-nulla-debitis-est-ullam-magnam.html","Pipefitter","black","2009-07-04","luigi.nikolaus@yahoo.com","o6I}bp?3"
"af438adb-3cc3-3a16-8581-e3a7c3ad8413","Prof.","Kyleigh","Langosh","89/91 Cassin Circle","ville","Pasig","Hawaii","Swaziland","463-215-037","038-251-401","Wunsch-Hoppe","https://gottlieb.org/vero-error-sunt-et-ex-voluptates.html","Drilling and Boring Machine Tool Setter","purple","2023-11-21","boehm.tania@watsica.com","<?{~6JI^""4;U""S}7NOFq"
"979e08ad-9ab4-3a74-97d3-b9f80d829667","Prof.","Cecile","Pollich","84A/22 Lehner Estates","stad","Meycauayan","Idaho","Argentina","796-495-727","924-048-213","Cassin-Schmeler","http://ernser.info/","Secondary School Teacher","aqua","1999-01-22","fernando13@gmail.com","-<NZ)9hh%bchd"
"1c8a86aa-9398-322f-a010-3236d6d8b236","Ms.","Isaac","Fay","60/64 Jones Ferry Suite 343","shire","Toledo","Missouri","Yemen","508-008-257","826-740-659","Lemke-Moore","http://deckow.com/assumenda-repellat-deleniti-dolorum-dolorem-aut","System Administrator","maroon","2021-04-13","thompson.stephon@gleichner.org","K%>yD6IOwSk_5"
"d10528dc-a2dd-32b3-ad07-737c5e150d6c","Dr.","Beth","Bauch","28A Hettinger Lights Apt. 741","fort","Kabankalan","Louisiana","Malawi","389-003-126","826-476-731","Lebsack, DuBuque and Kemmer","http://breitenberg.com/quas-similique-odit-non-laboriosam","Waiter","purple","1982-10-26","ernie80@gmail.com","0yu'wj(?=B}SNV|}{H"
"f2acc9db-eaa7-3fa9-ad8b-7c83a4f3d2ec","Dr.","Hunter","Marquardt","27A Schiller Extensions Suite 981","bury","Catbalogan","Georgia","Pitcairn Islands","453-335-160","128-728-019","Lakin PLC","http://kassulke.org/repellat-iure-asperiores-officia-rem-distinctio-sint","Hand Presser","gray","1998-07-04","haylie42@gmail.com","(@RUGPuE<oq_L+43[#"
"61b5c839-6850-3d3e-80d9-26d39403f308","Miss","Kayleigh","Wiegand","82A/18 Cruickshank Meadows Suite 948","fort","San Pedro","Virginia","Serbia","498-247-804","952-301-183","Watsica Inc","https://tremblay.biz/est-unde-praesentium-quo-odit-assumenda-nobis.html","Sales Representative","lime","1981-12-10","wweber@towne.com","7(+zGs).R&Gm"
"302f153f-9a05-3bc9-82f9-aa4bf60b13f8","Prof.","Darrell","Murray","16/19 Price Meadow","chester","Gingoog","South Carolina","French Southern Territories","723-760-632","421-336-605","Aufderhar and Sons","https://aufderhar.com/amet-voluptate-saepe-at.html","Teller","lime","2022-10-08","kdach@armstrong.org","f~.5Qt"
"1cf99757-f2b1-37c7-8319-375ffe2c920d","Dr.","Ottis","Bartoletti","94A Smitham Curve","shire","Tagum","Montana","Israel","032-947-989","966-704-224","Cassin Ltd","http://www.marvin.com/placeat-velit-eos-consequatur-quidem-hic-excepturi","Instructional Coordinator","blue","1994-03-07","hfahey@keeling.com","-&f0/$""?7TykIBmlLF_"
"4a6f8f4c-ebde-3748-b4f6-bb1b9884a40c","Mr.","Keanu","Block","36/62 Hahn Key Apt. 898","side","Dipolog","South Carolina","French Guiana","504-989-257","766-607-548","Gorczany PLC","http://hartmann.com/nihil-maxime-molestiae-cumque-reiciendis.html","Private Detective and Investigator","lime","1997-08-31","johnston.marquise@yahoo.com","GewkAD)JC$RBvrKLG"
"db58545a-8391-39d4-ae5c-2b1a86f0e7d3","Dr.","Hertha","Heidenreich","35A Ryan Haven","view","Kidapawan","Idaho","Cameroon","948-247-966","639-446-127","Keebler-Stark","https://www.glover.com/iusto-corporis-et-nulla-quidem","Sociologist","yellow","2002-12-15","hilpert.leora@walter.org","?Ac&R.B@;4u%;O.+jeaf"
"1c348266-8850-3173-85bc-bdc738238128","Prof.","Dominic","Fadel","99A/32 White Estate","bury","Borongan","California","Peru","654-625-395","772-721-304","Steuber Group","http://hahn.net/asperiores-eos-quia-accusamus-qui-ea.html","Social Media Marketing Manager","white","1985-10-29","chelsea66@yahoo.com","uceO)EW.=.rpt]hF;"
"bb06b3d9-4d55-3803-90ff-a3a3563a10e0","Prof.","Emmanuel","Reynolds","90/53 Donnelly Vista Suite 069","port","Surigao City","Rhode Island","Luxembourg","326-957-354","535-386-232","Hansen, Brakus and Corkery","http://hand.org/aut-reiciendis-aut-laudantium-optio-ut-perferendis","Biochemist or Biophysicist","fuchsia","1985-07-21","mckenzie.damon@gmail.com","A+mB=bEA"
"6392f82d-82d5-3075-8037-54742241adb3","Dr.","Cristina","Walker","46 Walter Motorway Suite 404","shire","Passi","Kentucky","Mayotte","012-244-341","352-094-998","Dicki, Hills and Gleason","http://carter.com/quod-error-et-expedita","University","silver","1990-03-05","dooley.arjun@gmail.com","L6Tx7O4AUMg7B"
"5f32ed42-a9bc-3e43-a419-0b4a6363124c","Dr.","Abdullah","Hansen","00A Shields Mall","side","Iriga","Wyoming","Lesotho","303-058-697","188-650-577","Ebert-Funk","https://walsh.com/minima-perferendis-qui-architecto-est.html","Engineering Manager","black","2007-02-18","gmitchell@mayer.com","t9B^MurX*0bl~w"
"c54294f9-6c11-3736-a0ca-1bbfd792028f","Dr.","Ricky","Durgan","55/97 Reichert Estate","mouth","Tabuk","Georgia","Sao Tome and Principe","882-610-963","103-821-534","Bergnaum-Auer","http://www.schoen.com/neque-nisi-est-doloremque-quam-neque-dolorem-nisi.html","Communications Equipment Operator","yellow","1986-04-27","michale68@yahoo.com","?UYB\3%1GsP]D<i92R{"
"d7800e5b-3acf-389b-931b-f43e5d0735ed","Prof.","Danial","Schneider","19A/73 Huel Extension","mouth","Tanjay","Alaska","Uganda","126-934-311","396-323-963","Bode, Lesch and Quigley","http://www.rau.org/ea-temporibus-quis-ut-adipisci-necessitatibus-est.html","Refrigeration Mechanic","lime","2007-01-26","kbalistreri@halvorson.com","TuxFCtA+jlJ"
"75e6f65b-f6a1-32d4-8d38-bcfd11d5d4c4","Prof.","Wilfrid","Dooley","75/45 Smith Street Apt. 194","haven","Quezon City","Arizona","Indonesia","487-975-131","052-309-971","Vandervort LLC","http://www.williamson.com/","Orthodontist","gray","1980-01-30","demarcus47@pagac.com","GDn[2rR2QdAU"
"d4e903dc-4bd5-34f1-bbe6-76b13e4b93dd","Mr.","Esther","Boehm","57A Boehm Cliff Apt. 069","fort","Samal","Georgia","Gabon","688-197-997","356-399-034","Mayert, Spinka and Homenick","http://konopelski.org/","Civil Engineer","silver","1989-05-05","conn.carlo@yahoo.com","#1bI#zCF;9R"
"d338a9c9-14b0-3dac-9a8b-0e11c47d14d5","Miss","Aleen","Gleason","50A/33 Wisozk Throughway","berg","Cagayan de Oro","South Dakota","Guatemala","613-559-905","913-945-151","Ruecker Group","http://www.ondricka.com/voluptas-quos-excepturi-aut-officia-et-et-corrupti","Receptionist and Information Clerk","blue","2011-09-20","schumm.sonia@kiehn.com","4jDw4g~[8Bni"
"369a814b-f90c-3402-b170-02d49fb68f9e","Mr.","Mossie","Champlin","82/62 Deckow Island","mouth","Talisay","Ohio","Switzerland","333-879-915","020-650-050","Nolan, Jones and Streich","http://dietrich.info/rerum-molestiae-ex-recusandae","Boiler Operator","white","2021-10-13","jenkins.trace@skiles.com","gIcXE\Qz*-uCDbTF?x"
"0abe0546-6588-3ac8-866a-b7c86998cc99","Mrs.","Andreanne","Hane","12/21 VonRueden Trace Suite 895","shire","Danao","West Virginia","New Zealand","658-431-412","407-391-230","Auer and Sons","http://www.schmeler.info/fugiat-dolore-non-ratione-saepe-quos.html","Stationary Engineer OR Boiler Operator","green","1973-11-05","maude.kihn@hotmail.com","+iv3_x"
"d94ff076-f90d-3e05-9393-bba90f5a6c84","Dr.","Florian","Bayer","18/11 Mosciski Mission Apt. 066","chester","Calamba","Iowa","Andorra","726-173-989","749-378-973","Gulgowski-DuBuque","http://www.mann.com/ut-modi-velit-aut-corrupti-ad-consequatur","Plate Finisher","yellow","1995-06-20","lou28@jast.com","\g_xQ1bo~kc7h^["
"3b2a4fe0-bd03-3fbe-9cd0-f5fe81cde83e","Prof.","Fermin","Littel","76A Bayer Garden","side","Himamaylan","New York","Niue","192-844-853","159-270-747","Kiehn-Veum","http://conn.biz/et-ducimus-nisi-aperiam-et-dicta-et-aut.html","Manicurists","green","2014-11-13","dicki.brielle@yahoo.com","M0!:wZS.#\{y.Z!{swA"
"9d825417-e681-3370-b36c-43e3d42ced1c","Mr.","Waldo","Fay","55A/00 Hammes Mountains Suite 383","stad","Gingoog","Texas","Guinea-Bissau","628-896-721","144-762-590","Klein, Mayert and Barton","http://keebler.com/dolores-quam-eum-ipsa-vel-modi-laudantium-quo-et","Air Crew Member","olive","1993-05-29","hagenes.dina@yahoo.com","_h5vS*.0P}kox5<pv"
"f631e14d-ec06-3fa8-98c1-821b48e93209","Prof.","Odell","Kilback","50A Quitzon Fields","ville","Tarlac City","Maine","Qatar","680-028-131","056-611-850","Halvorson and Sons","http://www.mills.com/et-at-accusantium-omnis-ut-neque-aperiam-sint-fuga","Opticians","fuchsia","1976-10-31","cmaggio@hermann.org","V[S^FM3/5S^|"
"c07f66a6-6124-303d-8be4-1691dc129efb","Prof.","Vida","Morissette","93/60 Pollich Tunnel","view","Silay","Nebraska","Greenland","367-139-666","430-520-987","Daniel Inc","http://lynch.com/","Dental Hygienist","lime","2010-04-30","marlin04@mayert.com","?K+39zuBXV~"
"b78eda18-50cb-3747-b084-7ecc1eec61d5","Ms.","Baby","Keeling","29A Fay Inlet Apt. 288","bury","Laoag","Washington","French Southern Territories","718-330-665","403-325-280","Schaden-Muller","http://www.beier.com/recusandae-iusto-nostrum-dolor-eum-sequi-velit-sequi","Septic Tank Servicer","maroon","1994-06-13","anderson.marilou@balistreri.biz","Ycj}{T9/TphA"
"2168fbbf-950e-3ecf-b2ff-5d4de5cce988","Ms.","Madyson","Block","59 Mueller Courts Suite 041","ville","Davao City","Virginia","Zambia","589-502-169","717-739-720","Schumm LLC","http://www.murphy.com/non-voluptates-consectetur-aperiam-ullam-et-sapiente-quidem","Technical Writer","olive","1996-11-14","welch.bennett@yahoo.com","o<6]p4"
"4eca659a-8a28-3c14-80a2-822737ea6bc3","Mrs.","Eli","Stanton","63A Bartoletti Trace","haven","Iriga","New Hampshire","Mauritania","080-976-533","219-198-439","Torphy, VonRueden and Schaefer","https://parisian.com/sequi-in-unde-id-repellat-earum-et.html","Gas Processing Plant Operator","fuchsia","1999-10-04","eleonore.wolff@hotmail.com","Kxje=*~Td37XwDL"
"74e71fb0-a9db-3b32-ac34-8f9d0f2bea0c","Miss","Deonte","Reinger","23A Jacobs Cape Apt. 561","chester","Calbayog","Louisiana","Zimbabwe","070-955-760","833-888-078","Fay, Wunsch and Dibbert","http://damore.biz/temporibus-sed-est-illum","Photographic Restorer","fuchsia","2024-04-19","doyle.marielle@hotmail.com","h,VUJ9md2@q#"
"85fef113-b32d-3022-b636-b797375b1650","Mr.","Lorine","Buckridge","49/83 Gusikowski Ridges","mouth","Cabanatuan","West Virginia","Canada","571-384-576","655-147-048","McClure-Will","http://kuhlman.com/rem-amet-id-enim-et-ut","Building Cleaning Worker","aqua","1970-02-15","sporer.rosendo@hermann.com","%Dxj5[}[!Ps'-BFDQo"
"5222528a-6fbd-335f-a415-2153d90849b5","Dr.","Else","Kshlerin","74/25 Renner Stream Apt. 864","fort","Taguig","Texas","Italy","520-436-570","554-213-289","Satterfield-Bernier","http://www.dubuque.com/","Admin","olive","1982-04-20","luella47@hodkiewicz.biz","x+.E9N\GazNUFn}?<M9"
"aa418c18-7e94-36ee-91c6-076d480aa606","Miss","Pat","Watsica","43 Schulist Vista","port","San Carlos","New York","French Guiana","905-308-494","684-801-149","Swaniawski-Rodriguez","https://www.heidenreich.info/et-voluptas-voluptatem-aut-ut-voluptatem-repellat-dolorem","Forensic Investigator","gray","1976-01-21","labadie.oswald@yahoo.com","i[&hW,D"
"6950116e-4a2d-3103-aeb5-ee598593f146","Dr.","Addie","Krajcik","04A/82 Reinger Fords Apt. 974","furt","San Pablo","Arkansas","Nauru","923-164-999","640-194-314","Huel Ltd","http://sauer.com/consectetur-veritatis-et-rerum-magnam-quos-voluptatum-voluptatem","Bindery Worker","lime","2024-04-08","elizabeth.haley@gmail.com","JOxSd}Trw"
"b2d90a68-95f9-3a88-ad50-3adc248534c6","Prof.","Celine","Gulgowski","26 Funk Burgs Suite 537","borough","La Carlota","Montana","Burkina Faso","887-256-711","173-226-316","Conroy LLC","http://www.hudson.com/a-fuga-voluptates-autem-natus-illum-maxime-voluptatem","Automotive Technician","blue","2008-04-19","rosetta.bogisich@yahoo.com","`;?Pz?P"""
"18b62b10-a7d5-3e54-9239-65d847fcc656","Prof.","Chaim","Turcotte","31A Davis Village Suite 145","haven","Cabanatuan","North Dakota","Singapore","199-615-608","795-144-402","Kuvalis-Hodkiewicz","http://www.toy.info/","Fiber Product Cutting Machine Operator","navy","1993-01-05","atorphy@yahoo.com","4\?JN'L'"
"97319fad-1643-3646-a22d-70751423c329","Miss","Charity","Weissnat","26/90 Feeney Centers","chester","Baybay","New York","Afghanistan","797-105-105","605-196-064","Bradtke, Strosin and Hand","http://www.trantow.info/","Home","navy","2017-11-19","bhudson@thompson.com","ssy\\tRd)z+"
"3a76a713-7e28-3668-b159-a49488c68d6a","Mr.","Angeline","Goodwin","68 Bode Road Suite 602","mouth","Tagum","Alaska","Nigeria","726-253-883","431-491-378","Sanford, Brakus and Pagac","http://baumbach.info/unde-dolorem-qui-nam-quia-dolore","Engineering","fuchsia","2013-06-04","emmy.hauck@yahoo.com","<G9$v7Bwi2v1q]V`%/$k"
"345dbfa1-e3db-38cb-a26b-4f4a4bb29a43","Mr.","Anais","Stokes","16A/04 Botsford Lock Apt. 462","stad","Bogo","New York","Congo","774-353-418","188-927-010","Schaefer Inc","http://www.mosciski.com/","Astronomer","yellow","2004-11-28","angela.weimann@huel.com","1i|ShUn"
"05d7847f-5c37-32c1-ade8-dc5be6b375c4","Prof.","Marilyne","Bogisich","53/18 Grady Lights Suite 353","haven","Malaybalay","Pennsylvania","Brazil","604-737-633","200-896-838","Stehr-Gutmann","http://schmitt.com/sed-fuga-eligendi-voluptate-quia-numquam","Excavating Machine Operator","yellow","1990-07-26","xbreitenberg@gmail.com","u;{D{koQo~u"
"af9a9e6f-af1f-3dd7-9d41-9bbf699a31ee","Mrs.","Lola","Kohler","32/73 Borer Port Apt. 535","ton","Bais","New Mexico","Tajikistan","685-264-778","561-352-561","Zemlak, Predovic and Larson","http://bailey.com/fugit-et-ipsum-culpa-totam-doloribus-quas-illo-aut.html","Announcer","silver","1991-08-24","klittel@yahoo.com","&ff6],_q&\;Z"
"dcf6c6bf-9cb2-3700-89c4-0c493bb6629e","Miss","Alessandro","Waters","94/90 Kemmer Junction Apt. 324","side","Gingoog","Oklahoma","Moldova","468-447-520","624-672-054","Marks, Crist and Price","http://treutel.info/neque-cum-rerum-sint-cumque","Calibration Technician OR Instrumentation Technician","black","1998-12-31","claude51@kessler.com","F,PzIU8b3t(D#"
"00fed294-5220-32e6-b072-006f61bead00","Prof.","Christophe","Zboncak","75A/58 Brown Mountains Apt. 899","view","San Jose del Monte","North Dakota","Liberia","638-098-792","679-044-023","Rodriguez PLC","http://www.schuppe.org/ducimus-ipsum-necessitatibus-veniam-consequatur-saepe","Art Director","aqua","1979-08-20","erdman.bernardo@hotmail.com","t8)soY2TP"
"b693805f-6531-3463-a80c-2f5369ac3512","Mr.","Aurelio","Gutmann","43/52 Hauck Port Suite 127","borough","Lipa","South Dakota","Christmas Island","812-969-781","395-721-394","Littel PLC","https://bosco.net/inventore-dolorum-cum-provident-modi-perferendis-error-pariatur.html","Paper Goods Machine Operator","black","1988-03-03","dhill@gmail.com","<""f.Ww$"
"aaa72bda-06a3-326c-b5a0-1a141fafe8c0","Ms.","Mitchell","Ziemann","80/84 Halvorson Lock","ton","Lipa","Iowa","Guadeloupe","234-860-881","437-254-448","Pacocha-Dietrich","https://gerlach.org/quas-et-corporis-in-ipsum-est-nobis-voluptatibus.html","Forester","yellow","2019-08-22","witting.isai@hotmail.com","^fCx=!cN<[NQ?"
"31bd139d-29ee-3aae-972c-84fa300909bd","Miss","Maida","Rosenbaum","57A/25 Glover Meadows Suite 697","stad","Dasmariñas","Nevada","Solomon Islands","933-943-462","624-634-723","Mann, Farrell and Feeney","http://www.blick.com/id-est-perspiciatis-sit-voluptatibus","Payroll Clerk","blue","2022-03-24","aletha.corwin@heller.com","60l|voY^""[>yB-e;d#1o"
"f158b951-dfa8-37c8-b648-7e51a7ef8234","Dr.","Rylee","Flatley","87A Collins Drive","ville","Iriga","Washington","Albania","309-464-341","891-608-615","Dach-Shields","http://carroll.com/dolor-quo-quas-ut-quidem-et","Precision Aircraft Systems Assemblers","navy","2012-06-04","gveum@gmail.com","0MRBiYsUHbm+d`Sv"
"2f07d0c6-6f4f-3032-9af7-7a39612a9ded","Mr.","May","Veum","35 Hagenes Flats","borough","Batangas City","Washington","Niue","805-041-412","155-189-439","DuBuque-Lesch","http://www.pfannerstill.info/","Transportation Equipment Painters","white","1995-11-20","jondricka@hotmail.com","J&#0edf6S"
"ca6f6e4f-f748-33d2-8e31-a5134e662120","Prof.","Camila","Hand","22/84 Halvorson Via Suite 133","side","Legazpi","Ohio","Taiwan","718-191-488","323-748-284","Medhurst and Sons","http://homenick.com/id-aspernatur-est-et-reprehenderit-tempore","Boiler Operator","black","2003-08-29","dessie58@hotmail.com","wXkKo7"
"d2731aa5-926d-30c9-90cf-cc1ad7ee31aa","Dr.","Taya","Beahan","94A Cormier Inlet","borough","Panabo","Mississippi","Malawi","693-860-916","859-423-554","Reynolds-Jerde","http://www.conroy.org/fugiat-et-quia-neque-omnis-atque-consequatur.html","Epidemiologist","yellow","2012-02-25","charlene78@ruecker.com","nMnb_CtwH'CC"
"aa40a52d-ebed-32a5-9852-bb67392ecf84","Ms.","Bart","Turcotte","43/29 Pagac Hollow Suite 292","land","Sipalay","Nevada","Gambia","492-054-085","306-437-248","Stoltenberg-Prosacco","http://www.hudson.com/commodi-facilis-error-in-est-laudantium-et","Social and Human Service Assistant","gray","1974-08-18","seth.kuphal@yahoo.com","qkXc""t'J,RJ*_EAK"
"0e2fd58a-82da-35f8-8317-78fd9fbf62f7","Miss","Laurie","Satterfield","74/53 Lang Springs Apt. 623","berg","Calbayog","West Virginia","Macedonia","301-948-767","616-675-386","Kris, Gutkowski and Cormier","http://vandervort.com/cupiditate-aliquid-odit-autem-quo-delectus-sed-voluptas","Heavy Equipment Mechanic","teal","2009-04-15","moen.fannie@yahoo.com","27d7(R`M[h#_oKh"
"cadfeb3f-701b-3fdc-bcc9-971d9a90f887","Prof.","Samantha","Bahringer","95A Kreiger Court Apt. 732","town","Surigao City","New Hampshire","Morocco","448-034-383","438-146-611","Kilback PLC","http://mclaughlin.info/","Director Of Talent Acquisition","blue","2000-09-29","vnader@hotmail.com","jB@vV/]RK3ZT,4jw9&H*"
"652fe707-c03b-3c57-bbb2-1f45635f6f0c","Prof.","Frieda","Lemke","77A Murazik Keys","ville","Olongapo","North Carolina","Macedonia","736-994-479","321-249-082","Stiedemann LLC","https://www.parker.com/voluptatem-error-qui-quo-animi-quia","Sports Book Writer","gray","1987-01-26","ostreich@bayer.com","9#{'W~nD@,wdk3]he.+"
"a4d48b16-d371-391d-8def-772a946cf991","Mr.","Jeramy","Carter","59A/15 Adams Road Apt. 557","town","Parañaque","California","Sudan","756-579-905","513-955-684","Lakin-Romaguera","https://www.pfannerstill.com/quasi-reiciendis-fugiat-quae-expedita-minus-explicabo","Etcher","white","2017-06-07","ruecker.sylvia@becker.com","NqCv>7$}}%m3"
"93d677bc-b097-31c5-8aca-2bd7c0826378","Mr.","Kacie","Armstrong","73/27 Cummerata Estates Suite 430","ton","Carcar","Texas","Vietnam","774-208-375","873-426-447","Schamberger-Ebert","http://thiel.com/officia-beatae-reiciendis-consectetur-tempora-debitis-autem-natus-molestias","Office Machine and Cash Register Servicer","maroon","1990-09-29","walsh.macy@gmail.com","Lf4/VD\C8$Aovy_f"
"23636ecd-d5d4-3f0f-9fa6-2b2bc58081b6","Mr.","Rhea","Lindgren","17A Jacobson Curve","port","Roxas","Florida","Solomon Islands","360-489-974","616-522-482","Barrows Group","http://www.mann.com/","Real Estate Appraiser","fuchsia","1993-11-30","ngibson@pollich.info","vtignfP?3]&A9zP"
"130c6516-8a9c-36e0-b50d-2a5978a0d9d2","Mr.","Malinda","Christiansen","79A/39 Will Way Suite 598","mouth","Tagum","North Carolina","Bulgaria","976-356-900","239-684-001","Mante, Becker and O'Keefe","https://hane.com/vel-delectus-et-aspernatur-voluptates-doloribus-dolorem-fugiat.html","Statistician","silver","2012-08-14","karli23@yahoo.com","rxk%-W8ePa!Y5crqRw/"
"cb95459d-5cac-3d20-abf5-8da7a97e9a20","Mr.","Matteo","Schiller","89A Thompson Prairie","burgh","Cauayan","Hawaii","Vietnam","193-346-938","297-005-978","Howell-Jerde","http://heathcote.org/dicta-consectetur-accusamus-voluptatem-esse-expedita-fugiat-perspiciatis","Woodworker","gray","1979-04-25","caesar.murphy@schneider.org","ovsimlU"
"205a66f1-95c4-3a2c-a711-a48a1a7e32eb","Mr.","Freddie","Wolff","23A/89 Bednar Islands Suite 428","borough","Alaminos","Michigan","Portugal","112-852-168","191-900-155","Ferry-Hegmann","http://www.stamm.com/","Forester","navy","1976-12-12","kurtis.effertz@murray.biz","'S$R5*B}T"
"11de6ccb-1bef-3c8e-979c-ed54c88651a9","Prof.","Noemy","Hayes","17 Hartmann Loaf Suite 788","town","Tacurong","Mississippi","Lithuania","585-203-163","088-086-664","Mante, Waters and Treutel","https://www.grimes.com/nihil-nobis-error-nesciunt-et-temporibus-consequuntur-nisi","Budget Analyst","purple","1995-02-24","stark.hayley@yahoo.com","o;roxjXnqdDUxCRN"
"4d0f4634-4f5b-315e-b078-59ff2faeaa5c","Prof.","Carlee","Reinger","11/91 Borer Plaza","berg","Danao","New Hampshire","Togo","419-355-345","564-774-680","Stehr, Kovacek and Considine","http://www.kutch.info/excepturi-maiores-ut-veniam-perspiciatis-in-recusandae-ea-explicabo","Manager of Food Preparation","lime","1976-03-12","jacey.quitzon@hotmail.com","EEV(VY?3"
"9c1f188e-bbb0-30c3-9301-4d36a36a13fe","Ms.","Paris","Steuber","08A McLaughlin Mall","port","Davao City","Colorado","Seychelles","479-952-962","831-334-242","Abernathy-Paucek","https://lakin.com/ipsum-deserunt-vel-ut-sint-voluptatibus-quidem.html","Professional Photographer","lime","2022-02-12","raynor.cade@hotmail.com","(W++y$j4fU9NWNAqr"
"de5c8d1d-80f3-3f4a-943f-1636e66e2b35","Dr.","Marlen","Schamberger","53/94 Dicki Villages","ville","Bacoor","Hawaii","Falkland Islands (Malvinas)","330-323-377","226-563-825","Lueilwitz, Abbott and Kunze","http://von.net/","Garment","gray","2021-07-02","alanis38@stark.com","io7]$,`k;DRK:"
"5593d685-15fb-3fa8-b0f8-c9c067d7c0d0","Dr.","Twila","Turner","91 Wiza Keys Apt. 164","fort","San Fernando","South Carolina","Macedonia","263-065-184","518-467-627","Bechtelar Group","http://senger.org/consequatur-vero-cumque-quae-necessitatibus-consectetur-fuga","Music Arranger and Orchestrator","blue","2011-06-29","nicholas15@lowe.com","2G]}PjdB|[Ro5"
"609f758b-8ad4-363f-9f7b-cedda403a35d","Mrs.","Emmet","Denesik","54A/48 Halvorson Unions","mouth","Ozamiz","New York","Trinidad and Tobago","840-105-494","840-424-150","Kautzer, Raynor and Stroman","http://casper.com/consequuntur-qui-explicabo-porro-atque.html","Physical Therapist Assistant","lime","2000-05-13","trinity.abernathy@yahoo.com","FI%o@KQ)Rm0"
"052a8b01-2a59-39bd-a1bb-82cc0a8e3d9d","Prof.","Carol","Lueilwitz","49A Fisher Glens","view","Palayan","Connecticut","Korea","669-771-618","055-163-297","West-Gottlieb","http://www.torphy.com/doloremque-magnam-consequatur-sunt-saepe-iste-optio","Writer OR Author","blue","2005-06-01","austin48@hotmail.com","t7i(GNps[lP%N@c5BR3R"
"57dbf24f-2048-3d6c-8cd4-3ffe0bf94039","Prof.","Deion","Russel","31A/05 Ratke Square Apt. 816","burgh","Calapan","Ohio","Costa Rica","025-386-244","056-279-882","Schamberger Ltd","http://www.auer.biz/neque-illo-quo-praesentium-inventore-et-qui","Administrative Law Judge","teal","1970-09-16","madonna.marks@farrell.info","/j\Wr!)5P"
"e687236d-3287-3b05-b6f4-9ac3e1d88bc7","Ms.","Alanna","Paucek","86 Sipes Dale","bury","Tanjay","Montana","Monaco","147-056-744","975-535-814","Hegmann, Cronin and Orn","http://www.schmeler.info/expedita-temporibus-minus-eum-et-eveniet-ipsa","Airfield Operations Specialist","lime","1996-05-11","winifred09@yahoo.com","3CQd6yrIQ`~o"
"5cd51ffc-1dcd-38fa-93f3-97a8c7e91e94","Dr.","Sedrick","Muller","99A/71 Renner Unions","port","Makati","Arkansas","Fiji","205-532-191","970-593-354","Cormier Inc","http://www.tillman.com/eius-tempora-sit-deserunt-nihil-enim-perspiciatis-enim.html","Civil Drafter","white","2020-06-23","vandervort.audra@hotmail.com","$tM{G-TRt}+,'WhPMXK"
"61d4b81f-5362-3e24-8326-34765537971a","Mr.","Liliane","Schulist","07A/60 Goldner Fords","ton","Dagupan","Missouri","Macedonia","267-452-571","807-632-015","Boehm, Walsh and Lakin","http://pfeffer.info/","Emergency Medical Technician and Paramedic","navy","2002-03-01","ortiz.jordy@schimmel.biz","^W7+e34iIX""e*w~xgv"
"a1e19dac-2e14-38b5-9ad9-94adb51913bf","Prof.","Jordy","Hill","20 Feeney Heights","land","Baguio","New York","Costa Rica","372-772-248","510-799-260","Stiedemann Group","http://www.bartoletti.org/corporis-in-ratione-laborum-et-quisquam-quisquam-expedita.html","Painter","black","1983-04-28","bsimonis@gmail.com","""QqJYz0:;(oWZD74E"
"9624174c-672c-39ad-b72e-91eb97fd5e8c","Miss","Rosina","Wehner","95A Kunde Dale Suite 663","side","Tagbilaran","New Jersey","French Polynesia","091-577-667","909-602-682","Schneider Ltd","http://www.zieme.biz/eos-sunt-et-non-ducimus","Retail Salesperson","teal","2011-11-24","cshields@yahoo.com","O[JTy]nOjlfTk"
"588ceec5-2c6c-3f5d-a2be-a5127a931062","Dr.","Carolyn","Reichel","91A/06 Tillman Canyon","borough","Tagbilaran","Tennessee","Estonia","490-302-541","213-051-592","Koepp-Johnston","http://www.kunze.biz/facere-deleniti-dolor-at-at","Postal Clerk","aqua","1981-12-02","candido.bosco@medhurst.com","F2xrxG^a-Z;.B6Ay!"
"565ee361-d68e-3eec-b73e-afa515b4329e","Prof.","Rory","Toy","77/31 Schmitt Gateway","land","Cabadbaran","West Virginia","Haiti","644-391-629","428-761-737","Kunde, Von and Leuschke","http://russel.biz/modi-incidunt-occaecati-est-nihil","Press Machine Setter, Operator","aqua","1981-10-23","bernadette.goodwin@hotmail.com","|gM-jdR?"
"8bb04409-ad00-3e2b-840e-f17d274638b0","Mr.","Danyka","Reichert","55 Gibson Trail Apt. 885","view","Caloocan","North Dakota","Saint Lucia","352-295-957","034-618-705","Dicki, Hartmann and Hintz","https://walter.net/ratione-debitis-facilis-enim-earum-voluptatum-voluptates.html","Structural Iron and Steel Worker","yellow","2014-09-26","gulgowski.juvenal@grant.net","&=joBZuJsYO"
"554435e1-94f9-3b2b-9157-41e38cb1dd81","Prof.","Joy","Moen","55A Auer Islands","port","Cavite City","Alaska","Bahrain","878-453-721","759-472-369","Bosco and Sons","https://emard.com/sunt-et-aut-mollitia-corrupti.html","Tank Car","aqua","1976-02-22","maybell.hackett@hotmail.com","zyBQ8'&!+mo{oJf"
"b56563ec-1a13-3a82-ad75-1948ff9569f5","Dr.","Marvin","McGlynn","78/52 Pfeffer Squares","land","Imus","Wisconsin","Grenada","225-028-736","124-340-298","Kemmer Inc","https://keebler.com/dolorum-et-inventore-deleniti-fugit-adipisci.html","Machinery Maintenance","silver","2005-07-19","madonna.towne@yahoo.com","%[>L^N;&32w"
"963240f1-2b28-39b6-8f45-4aa80ab9fbdc","Prof.","Kennedi","Krajcik","90 Lind Island Apt. 618","ton","Masbate City","Arizona","Lesotho","403-287-491","544-707-484","Hansen, DuBuque and Harris","http://cormier.net/dolore-reprehenderit-velit-sunt-doloribus-repudiandae-voluptatem-alias","Chemical Equipment Tender","aqua","1984-01-20","clifford.prosacco@smith.com","]/kU\>"
"74fac556-9df3-3a79-bea3-e30ad3ddc257","Mrs.","Jermey","Carter","49/76 Schaefer Freeway","view","Santa Rosa","Vermont","Malawi","612-139-808","895-360-123","Block and Sons","http://wolf.com/modi-dolor-laborum-laborum-quo-earum-quisquam","Food Batchmaker","olive","1970-10-19","leda.raynor@gmail.com","YH8_+w,""B["
"46ac654d-87bd-3097-bcff-79d208207839","Dr.","Noah","Shanahan","04A Osinski Square","borough","Malabon","West Virginia","Indonesia","599-341-642","216-810-380","O'Connell, DuBuque and Jakubowski","http://morissette.com/rerum-non-autem-accusantium-eos-voluptas.html","Statistician","maroon","2002-05-08","kiana.nikolaus@osinski.com","0qH>b13"
"9542cc20-d5db-3c6e-9224-173d5463958a","Mr.","Marcos","Champlin","35 Barton Glens Apt. 915","ville","Tabuk","Colorado","Saint Lucia","266-527-730","669-381-618","Parisian, Kilback and Kovacek","http://www.heathcote.com/reiciendis-ab-ea-minus-eaque-dicta-fugit-quas-voluptatem","Construction Equipment Operator","white","1983-06-15","xbailey@moen.com","GUsJ--0(oLP8k"
"96babe50-7ec5-35e1-88fd-6c2cc11d00fe","Prof.","Buford","Russel","23A Glover Burgs","shire","Cebu City","Minnesota","Brazil","772-205-242","828-871-880","Welch, Sawayn and Walker","http://leannon.com/dolore-maxime-nihil-id-id-officia","Construction","navy","1981-06-06","opal62@gmail.com","?h3U_JFpS0X01'T"
"5c0a4426-6b87-32cd-a3db-bb68b20d09cd","Prof.","Kaitlyn","Predovic","91A/86 VonRueden Place","fort","Pasay","Kentucky","Italy","507-495-525","750-410-041","Hintz-West","http://www.stanton.info/","Nursery Worker","blue","1978-11-12","raymundo67@yahoo.com","9lMTb\nsu&Ueg^Lr"
"ee27e9df-628c-3123-9dfc-aad8b22e725f","Ms.","Tyra","Treutel","38A Gottlieb Views","mouth","Baguio","Virginia","Bolivia","359-556-989","078-598-381","Koepp and Sons","http://www.renner.com/facilis-veniam-quia-officia","Electronic Engineering Technician","white","2018-07-10","ezekiel79@oconnell.net",".egHY69PIV"
"5e56e9e5-de6c-331b-904e-8b0c27dff5f7","Ms.","Elvis","Schmitt","18A Abbott Centers","shire","Legazpi","South Carolina","Bahrain","642-507-997","268-554-323","Hahn and Sons","https://www.sawayn.com/impedit-et-quos-est-ut-illo-sequi-voluptatem","Laundry OR Dry-Cleaning Worker","silver","2021-09-27","estel96@walter.com","Ems#sUSFwM\HQ6c6HW"
"ac7c574b-7040-3bff-8747-2753769e6452","Mr.","Kaitlin","Sauer","05A/52 Orn Heights Apt. 060","fort","Santiago","Kentucky","Uzbekistan","702-610-555","669-412-696","Parker LLC","http://www.larkin.com/","Forest and Conservation Technician","gray","2021-12-08","tabbott@powlowski.com","uHoN#46t""|W&"
"f81ee2f6-2284-32e3-822b-53b7efcbae71","Dr.","Olga","Parker","32A/65 Funk Ports","bury","Masbate City","Maine","Djibouti","605-405-239","724-893-234","Effertz-Bashirian","http://stroman.com/perferendis-eos-praesentium-dignissimos-id-repudiandae-veritatis-odit.html","Continuous Mining Machine Operator","navy","1983-03-14","feest.ida@yahoo.com","hD]k#./eR4;\"
"8eee5a6b-7344-3e14-bae2-408b44f5e5f4","Mr.","Ines","Barton","63/12 Cruickshank Shores Suite 418","ville","Navotas","Rhode Island","Colombia","197-547-442","004-448-096","Gibson, Kuvalis and Hackett","http://www.kessler.info/","Choreographer","green","2012-11-06","georgianna.price@hotmail.com","Ffn9e$"
"93edf333-18a3-355e-b024-a70fa5150140","Dr.","Orin","Keeling","12/50 Stroman Springs Apt. 691","side","Cadiz","North Carolina","India","686-779-689","829-112-465","Dooley-Ankunding","https://turner.com/itaque-facilis-laboriosam-excepturi-recusandae-cumque-voluptatem.html","Mathematical Technician","gray","2004-02-13","blebsack@wilkinson.com","5fSB4`"
"91f23cd2-4e05-397e-a2f3-414ddcacdef3","Dr.","Sonny","Gaylord","10 Jaskolski Square","fort","Malaybalay","Arkansas","Panama","121-574-719","757-424-359","Corwin Ltd","https://lehner.com/eum-est-magni-omnis-aut-omnis-debitis-voluptatem.html","Baker","black","2000-02-28","susie43@cole.org","RzCbu|'bG"
"67ef7206-1698-30f5-9281-839efbd84c14","Mrs.","Gust","Towne","70A Cassin Wall","port","Meycauayan","Kansas","Pakistan","890-273-939","408-946-914","Mante, Hilpert and Hirthe","http://www.ziemann.com/","Electrical Engineer","lime","2006-03-11","iva10@gmail.com","EVi4HJ:s(#Ufyt^"
"7f31f16e-3766-3ef2-b990-9605f759bd7c","Miss","Rudy","Bahringer","28A Nitzsche Passage Apt. 524","berg","El Salvador","Arkansas","Malawi","847-267-633","680-948-370","Metz Group","http://www.windler.com/totam-amet-quod-illum-deserunt-odit-molestias-atque-eius.html","Engineering","navy","1979-11-25","idurgan@ritchie.net","q@,M`'VHL*-JIb8"
"ac798963-ec34-380a-adbf-dfe6eb047859","Dr.","Angel","Hoppe","44/32 Buckridge Stravenue","ville","Talisay","New York","Greenland","880-283-974","602-913-745","Quigley-Gerlach","http://bernier.com/amet-dolorem-rerum-qui-at-iure","Community Service Manager","maroon","2021-10-20","lenora.franecki@kuhic.com",":7}bsf[."
"9ff99459-896b-309a-b414-6350b3785498","Mrs.","Elfrieda","Gulgowski","58/72 Carroll Squares Apt. 667","haven","Meycauayan","Georgia","Cook Islands","901-627-295","835-268-897","McClure-Streich","https://www.braun.com/repellendus-minus-et-sed-praesentium-numquam-impedit","Sheriff","purple","1994-10-26","bode.luella@yahoo.com","pVyZ[(~'"
"0c02abe9-7a70-3897-aaf0-a35765542294","Ms.","Destini","Barton","44A/83 Kirlin Isle","ville","Tagum","Maryland","New Caledonia","616-347-612","939-013-595","Witting-Welch","http://terry.com/id-sapiente-id-et-magni","Custom Tailor","white","2021-12-31","johnny26@klocko.org","`,Cn(5=zn-M!Cx1=>c"
"c3d9529a-c468-3981-a45d-0ca2b5a0cc3f","Mr.","Leonel","Ward","37A/47 Mosciski Land Suite 907","chester","Cavite City","Alabama","China","112-884-167","893-059-590","Labadie-Legros","http://heaney.com/voluptas-ullam-pariatur-nihil-adipisci.html","Brickmason","teal","1980-11-24","cremin.marcia@kulas.org","fv{PO^On0tC(m-"
"a7ef008e-3b7d-3a35-8ab7-e1f87eac7142","Dr.","Israel","Kling","99A/52 Gulgowski Unions","ville","Silay","Missouri","Canada","995-911-930","959-512-611","Dach LLC","http://wiza.com/","Judge","purple","2010-11-26","cletus77@kihn.com","|q{UV;<uP"
"3af705a3-6cf6-36b4-84b9-8fcd23cf0c06","Prof.","Carolina","Kuvalis","06A Kuhn Harbors Suite 919","mouth","Digos","New Mexico","Burkina Faso","955-447-612","544-517-341","Huel-Green","http://stamm.com/iure-et-quia-enim-est-rerum-quibusdam","Fashion Model","blue","1992-04-25","klowe@gmail.com","Jlr*f4e"
"409b21dc-38d7-37a5-a1b1-5a93b37a0d7a","Dr.","Carol","Monahan","16A Stoltenberg Junction Suite 016","stad","Malabon","South Carolina","Ghana","254-127-418","027-151-951","Christiansen and Sons","http://www.jenkins.biz/qui-alias-et-necessitatibus-ad-beatae-recusandae","Keyboard Instrument Repairer and Tuner","green","2017-10-26","moen.jarvis@schultz.org","eH[m7*V|zlS\.)|B"
"3a4634d6-be49-3306-b640-1cf7b1652371","Prof.","Marilie","Wintheiser","49/74 Greenfelder Road","mouth","Sipalay","South Dakota","Swaziland","009-015-876","524-631-744","Turcotte Ltd","http://lehner.com/dolore-beatae-commodi-amet-deserunt-perspiciatis-sit-dignissimos-corrupti","Packaging Machine Operator","teal","1984-07-23","hobart.klocko@zulauf.net","Pg*9FZaAG"
"889b71ab-cf13-3b43-9cc6-766db962bad2","Mr.","Abdiel","Pagac","17 Roberts Ridge","shire","Cebu City","Illinois","Belize","287-008-671","948-516-499","Weimann, Ankunding and Hermann","http://dietrich.biz/in-soluta-laudantium-sunt-nostrum-eum","Home Appliance Installer","black","1983-03-11","dfay@yahoo.com","d(d#,q"
"0b37b6b4-94ce-3708-8371-b95f31c9895c","Miss","Gianni","Schamberger","55/64 Wolff Ways Suite 545","haven","Muñoz","Connecticut","Azerbaijan","056-442-630","936-198-606","Hayes and Sons","http://www.crist.biz/doloribus-tenetur-iusto-repudiandae-officiis-est-dolorem.html","Loading Machine Operator","navy","1994-03-07","camille.kozey@gmail.com","HG[Co5w77xnI8s=D"
"f0d8de9d-6645-3444-8ed8-b995496e86bc","Ms.","Delphine","Kulas","82/41 Kunde Port Apt. 716","fort","Tarlac City","Rhode Island","Heard Island and McDonald Islands","488-345-540","210-231-940","Rice Inc","http://www.rolfson.com/cum-est-optio-incidunt-nostrum-corporis.html","Janitor","fuchsia","2004-08-10","fschultz@gmail.com","c|p'u?;,n*l"
"33e9d105-1dfb-3b1c-97f4-85d0cd0d44dc","Prof.","Thelma","Funk","34A Schimmel Walks","ville","Cauayan","Pennsylvania","Myanmar","918-257-037","068-045-557","Anderson, Mann and Tromp","https://www.botsford.com/id-voluptas-debitis-vitae-placeat-et-voluptas-similique","Plumber OR Pipefitter OR Steamfitter","silver","1984-11-02","hayden.torphy@quitzon.com","weH=au3U]C21xPy3}Nuj"
"8f3c5568-78e2-3cf5-bb6f-181a79a81a48","Mr.","Ellie","Stark","95/61 Rau Summit","ville","Tandag","Delaware","Niger","072-941-690","084-702-288","Abbott, Dicki and Hammes","http://price.com/sunt-expedita-libero-ipsa-molestiae","Packaging Machine Operator","yellow","2020-10-08","gerlach.hailie@gmail.com","f{:3co8(L*DTQmT|"
"f102d80f-e3f8-3ed7-ae9a-05bae9378692","Ms.","Alphonso","Batz","14A/91 Hauck Square","mouth","Puerto Princesa","South Dakota","Venezuela","243-504-245","425-788-036","Moen-Leannon","http://nolan.com/explicabo-sit-culpa-voluptatem-possimus-quod-quisquam","English Language Teacher","white","2009-02-07","kilback.erika@yahoo.com",";/t\$v`Ky_XY/"
"af9a8290-fd72-37b2-86b7-1cf508f308bc","Mr.","Camren","Spinka","90A Jacobi Creek Suite 607","mouth","Dipolog","Virginia","Japan","467-211-156","684-498-383","Fisher-Leffler","http://white.biz/quis-fugiat-est-nam-facere-cum","Real Estate Broker","aqua","2016-02-15","bradtke.eloy@simonis.org","0?,JlvjYF"
"0786b8a8-4ec2-3812-8dfa-764cf14ee2eb","Mr.","Jerrell","Fisher","24A Dooley Plains","borough","Calbayog","Washington","Malaysia","280-880-194","270-913-407","Tromp Group","http://borer.org/occaecati-dolore-excepturi-consequatur-consequuntur","Title Examiner","maroon","1976-11-13","ashlynn98@hotmail.com","vp$]Ul~}'/!,:+6}d"
"0573460d-a58a-32b8-80d6-7db65aabf3a9","Dr.","Leda","Rutherford","81/74 Mills Neck Suite 109","ton","Marawi","Michigan","Guyana","399-096-254","197-610-828","Gulgowski-Erdman","http://www.beahan.org/minima-in-officiis-unde-consequatur-excepturi","Maid","black","2015-12-15","zsenger@hotmail.com","uyU79""ofCzn:S"
"60b3502e-b1e8-3866-9573-799e36730588","Mr.","Dejuan","Hagenes","22 Parisian Trafficway Apt. 276","stad","Tanjay","Louisiana","Solomon Islands","862-467-914","573-323-444","Heidenreich-Raynor","http://www.boehm.org/nisi-nostrum-enim-quam-fuga-accusamus","Agricultural Equipment Operator","silver","1978-06-22","dayna31@yahoo.com","sQ@%S%cTKmGyT"""
"c2ac0cef-bbf3-3ea2-981e-dc5d69c58fe7","Prof.","Frederik","Murphy","93/18 Smitham Lake","bury","General Santos","Nebraska","Korea","430-738-936","549-943-432","Doyle PLC","http://zieme.com/","Environmental Science Technician","teal","1970-03-15","forrest13@robel.info","J(lgG`uLOU*~ObK+Ef)"
"00f53b6d-9515-3677-9fd6-5250610085ed","Dr.","Vinnie","Ratke","31A Adams Crossing","furt","San Fernando","Indiana","Kuwait","361-208-431","433-457-518","Franecki Group","http://www.goldner.biz/quia-quam-sit-corrupti-vel-quod-quaerat-nemo","CTO","maroon","1995-12-03","omayer@hotmail.com","}}kXP)XD`xkj/vsE$I"
"49e1b0e7-01d9-3d72-8fe2-aa0f8978540f","Dr.","Eldridge","Maggio","15 Reichel Port","haven","Kidapawan","Michigan","South Georgia and the South Sandwich Islands","038-411-285","451-535-689","Veum-Denesik","http://waelchi.biz/","Court Clerk","yellow","1973-07-30","king.mohammed@hotmail.com","hDO"">#qM]#'LI[rl~"
"27b31544-862c-38f6-a1dc-f4b536626def","Miss","Buster","Bayer","61 Jacobi Valley Apt. 795","fort","San Carlos","Mississippi","Egypt","472-160-647","654-761-902","Block, Heathcote and Conroy","http://www.gleason.info/dolorem-dolorem-blanditiis-tempore-fuga-rerum-veritatis.html","Event Planner","aqua","1999-03-30","jamarcus66@hotmail.com","cahJ5l%@k&;Q"
"86930ffb-3015-3098-8a14-ef2ff9eeef0b","Dr.","Alize","Kohler","00A Christiansen Ranch","ton","Cagayan de Oro","New Hampshire","Gibraltar","371-354-006","390-658-402","Bayer-Spinka","http://www.shanahan.com/est-tempora-accusantium-est-odit-incidunt-non-quae","Animal Breeder","blue","1989-04-14","xkemmer@prohaska.info",";tr-kf"
"3135fa07-61cd-3cb7-b6ec-398dd643b516","Miss","Emmett","Braun","76A Pollich Union Apt. 278","bury","Canlaon","New Jersey","Solomon Islands","558-928-547","485-927-879","Bogisich-Schaefer","http://reynolds.com/repudiandae-et-exercitationem-impedit-rem-qui","Cost Estimator","black","1989-01-15","meghan.dubuque@schmidt.com","g2Bk""0c+jhJ"
"99e96aca-5f7c-3613-bae0-ec4c7b9ece03","Prof.","Janie","Cole","99/96 Lowe Well Suite 115","view","Santiago","Oklahoma","Solomon Islands","402-080-120","877-996-301","Paucek, Wisozk and Trantow","http://www.bailey.net/est-ad-et-qui-in-veniam-placeat-non-id","Archeologist","maroon","2013-12-20","ariel.johnson@hotmail.com","j?Ujh?SGlP_6):imW.WT"
"f04b0dfe-cdc3-37fe-bfe9-2839ae4ce034","Dr.","Clara","Parker","84/95 Dare Summit Apt. 011","view","Batac","North Carolina","Italy","234-773-628","577-535-747","Raynor-Friesen","http://miller.com/","Patternmaker","olive","2001-07-02","astiedemann@west.info","owkfr&eIV"
"6ef6f576-e79d-359a-84d4-267672749306","Prof.","Yasmine","Metz","52/96 Herman Mountain Apt. 361","town","Lucena","New Mexico","Belgium","837-793-280","178-887-284","Satterfield-Brakus","http://www.corwin.com/nulla-sit-commodi-amet-officiis-est","Maintenance Equipment Operator","teal","2015-03-13","jaiden64@harber.com","Q?9e}jvawhaq|W"
"a00ef892-0f34-398b-9b77-fa3d94c001f0","Mrs.","Mya","Hickle","04A Crist Square","fort","General Santos","Delaware","Western Sahara","074-389-914","861-656-503","Purdy, Wiegand and Jakubowski","http://jacobs.com/dolorum-quia-incidunt-asperiores-sequi.html","Pest Control Worker","navy","1988-07-17","aliza.torp@yahoo.com","gVY@nyON,E#z=~xrdS"
"87d2d78c-6d60-388b-b64a-8657d8cb76b2","Prof.","Jerrod","Murazik","80A/07 Mueller Bypass Apt. 818","mouth","San Jose","Wisconsin","Burundi","658-425-489","270-653-841","Boyle LLC","http://stanton.com/","Bartender Helper","navy","2021-05-07","leo49@kautzer.net","qS7EO/Eg]O'#eInI.}7"
"ccb7ea2a-8436-3564-924d-9f0a1f8f452d","Prof.","Colleen","Waelchi","52A/12 Marvin Spur Suite 394","berg","Calbayog","Vermont","Mayotte","262-065-918","913-770-634","Ruecker Group","https://abernathy.info/dolores-omnis-id-voluptates.html","Brazer","black","1991-09-28","paige.stamm@windler.com","(0/)APhm}$.t/[f"
"9925c0d5-1d10-3645-9fc5-40812e6c6b13","Mrs.","Elliot","Funk","54/71 Thiel Loaf Suite 774","ton","Gapan","Colorado","Guinea-Bissau","174-117-367","344-774-504","Lubowitz, Nikolaus and Koepp","https://friesen.com/dolor-molestiae-odio-perferendis-laudantium.html","Broadcast Technician","maroon","1999-07-11","chanelle.hyatt@rolfson.info","SS}12&MKSuy1N@{"
"9c53fb5a-34c0-3d40-802c-5b1db9bf5d62","Mrs.","Yoshiko","Adams","39/11 Gutmann Plaza Apt. 166","fort","Silay","Utah","Hungary","639-280-465","033-066-472","Leannon, Greenfelder and Moen","http://www.trantow.net/doloremque-id-fugit-voluptatem.html","Immigration Inspector OR Customs Inspector","yellow","1985-01-03","ova76@yahoo.com","p%Le6@mc_Sjg"
"fca61fcc-1141-3df4-919c-faf228e9c810","Ms.","Rita","Gerhold","86 Purdy Junctions Suite 109","chester","Passi","Idaho","Slovenia","926-837-177","689-516-074","Wolff-Hagenes","http://www.aufderhar.com/consequuntur-aut-et-sed-laborum-ducimus-distinctio-aliquid","Nuclear Engineer","aqua","1999-07-12","carissa16@osinski.org","0*`_<wK-\{IocK9-="
"584185a7-25d2-3749-bcca-94e2ad2c540d","Prof.","Hubert","Hand","34A/63 Rath Passage","mouth","Tagaytay","Florida","Vanuatu","132-049-422","256-418-915","Mertz, Nicolas and Ondricka","http://www.rosenbaum.com/commodi-consequuntur-cumque-et-est-dolore-exercitationem","Fiberglass Laminator and Fabricator","yellow","1976-12-28","jarred.reynolds@hotmail.com","2.crwmrmF>cv"
"35b275f4-4289-3274-a2a3-39f563b4ced2","Dr.","Esther","Ritchie","56A Marvin Falls Suite 455","stad","Cabanatuan","North Carolina","Tunisia","959-973-517","928-808-022","Terry LLC","http://brown.com/amet-cum-qui-et-ut-sit-dolorem","Extraction Worker","silver","2022-06-23","xleannon@prohaska.com",">w<:GE<""n"
"3283557c-c5b0-3fb6-a26f-5de485490372","Dr.","Angelo","Kshlerin","08A Altenwerth Harbor","bury","Cagayan de Oro","Kentucky","Luxembourg","458-140-378","495-663-111","Mosciski-Dare","http://www.mann.com/amet-nesciunt-est-optio","Embossing Machine Operator","fuchsia","1975-10-26","yhowell@yahoo.com","DV-+kXU7eh=H>G[9@"
"b31b02aa-49d6-39c4-a479-8e1efcbfe033","Dr.","Dayna","Schneider","58A/30 Ziemann Summit Suite 071","side","Cadiz","Oregon","Ireland","541-864-723","991-796-876","Turcotte, Toy and Romaguera","http://muller.net/","Graphic Designer","navy","1976-12-27","rodolfo.sporer@hotmail.com","c.RBj3HL(4ZDnQb"
"0b84d6bd-12e7-3b48-b5ff-f7d96e44c335","Prof.","Luella","Schamberger","01A/24 Reynolds Courts Suite 595","side","Valenzuela","Utah","Georgia","494-579-194","499-062-795","Ullrich Inc","http://mraz.com/qui-eaque-voluptatem-aut-quo-consectetur-totam-debitis","Transformer Repairer","white","1972-10-28","eleanora.mohr@gmail.com","7I$:jJggVx!D8gRE`."
"04760d0b-9d6b-38f0-93e0-b2f8d1dfa87a","Miss","Reina","Beier","42A Haag Forks Suite 198","fort","San Jose del Monte","Vermont","Cuba","961-434-577","265-154-115","Rutherford, Hodkiewicz and Bogan","http://www.koelpin.com/veritatis-totam-pariatur-voluptate-veritatis","Artillery Crew Member","black","1982-05-12","sanford.joshua@mills.com","HY}HMHqy3o"
"02362865-6c70-3009-88eb-3c05a092b006","Mrs.","Antone","Hayes","72/24 Bernhard Extension Suite 477","ton","Marikina","Texas","Brunei Darussalam","563-661-887","501-539-300","Littel-King","http://beer.com/temporibus-doloribus-aut-voluptatem-fuga-tempore-consequuntur-eligendi.html","Engineering","silver","1985-09-05","connelly.carlee@champlin.net","%D8r\Ma1"
"ed216941-a88b-35b0-98c2-2f991c6db5d3","Prof.","Devyn","Abernathy","08A Mann Lights","burgh","Cabuyao","Oklahoma","Norfolk Island","961-815-262","667-296-159","McDermott, Feest and Friesen","http://muller.com/doloribus-provident-ex-non-est","Community Service Manager","purple","1996-06-16","krystal83@hotmail.com","v`$sBnw<BD%~@a|#k|#"
"4f58ae5e-836d-3518-aadf-81f5c178ca55","Ms.","Domenico","Gorczany","05A Wunsch Groves","stad","Baybay","Pennsylvania","Philippines","240-071-626","094-318-984","Littel, Jacobi and Stracke","http://volkman.org/","Railroad Switch Operator","maroon","1972-06-09","stroman.molly@greenholt.com","c\\loM""-G(d:,|4n"
"1dbbbb32-6089-3921-a06d-1767a3911e53","Prof.","Trycia","Keeling","59/57 Anderson Lodge Apt. 097","mouth","La Carlota","Virginia","Mali","123-236-626","369-343-901","Hand, Stehr and Jenkins","http://wilkinson.com/mollitia-deleniti-ea-laborum-deserunt","Postal Service Clerk","purple","2015-06-15","wjacobs@mayert.info","hFT4[U~"
"9c262ca0-96c3-3ec1-bd56-38bd8268cee1","Prof.","Elna","Gislason","90A/49 Block Canyon","furt","Trece Martires","New Mexico","Georgia","039-048-681","154-883-638","Roob Ltd","http://krajcik.com/est-quia-error-non","Biological Scientist","purple","1988-05-22","wolff.talia@hotmail.com","BJ#0j{q2"
"4545dfcb-46f1-33e6-8ea1-06847e30f5df","Ms.","Abagail","Murphy","96/52 Rippin Ford Suite 812","haven","Catbalogan","Nevada","Fiji","190-381-834","382-442-462","Kautzer PLC","http://balistreri.com/dolor-nostrum-voluptatum-ut-inventore","Food Batchmaker","yellow","1977-01-17","jbeatty@walker.biz","1V_@(`E[M$cSqOBQ"
"3340f22b-15a9-3378-a898-84b9c3b28e5a","Dr.","Janie","Torp","67/92 Leffler Mews","borough","Lapu-Lapu","Mississippi","Saint Helena","252-939-603","398-708-419","Wunsch-Schumm","http://nicolas.com/vel-harum-aliquid-quo-optio-itaque","Gauger","navy","2004-01-10","waelchi.bradley@ankunding.com","}9H`Fp`T5Cubwa68"
"630ffe7a-1c5b-3ecb-9929-01a3bed6069f","Ms.","Donnell","Emard","15 Kling Inlet","view","Tandag","District of Columbia","Libyan Arab Jamahiriya","044-698-387","929-531-267","Kub, Moore and Morar","https://armstrong.com/incidunt-voluptatem-ipsa-tempora.html","Musician OR Singer","silver","1975-01-16","jarvis.pfannerstill@collier.com","\g^'3a.;yhidAh=ZD@"
"57af37a5-ce10-3734-8051-ffde828fe6a5","Dr.","Eveline","Stanton","73 Nitzsche Gardens","berg","Himamaylan","Indiana","Comoros","914-575-585","966-433-536","Larkin-Effertz","http://renner.com/et-esse-amet-quia-autem-nulla-ex.html","Social Scientists","maroon","1999-04-29","shanel.hoeger@gmail.com","|\nVJ(<WVy$&^uW4t5b4"
"fc9e74df-3194-331c-a8a5-b8fbd459e529","Ms.","Hollie","Steuber","93A Kihn Spring Suite 149","land","Iloilo City","Kansas","Italy","578-900-618","831-820-481","Bins Group","http://koch.com/quo-consequuntur-provident-natus-nisi.html","Terrazzo Workes and Finisher","silver","1974-07-23","noemi.shields@gmail.com","B5RR6-yH2)c&yuD"
"129e3ead-87b9-337d-b3e8-df98f7091e5b","Prof.","Kacie","Daniel","04A/01 Streich Mews Apt. 480","side","Calbayog","Kentucky","Guatemala","756-193-459","290-442-246","Weissnat Group","http://www.crist.org/","Foreign Language Teacher","fuchsia","1972-10-29","will.chance@collins.com","cekC_XNk-eu3"
"2bea9696-24f9-3e1c-b28b-f36a3467a575","Prof.","Helga","Heller","62/50 Anderson Lodge Apt. 557","shire","Tacurong","Utah","Hungary","401-940-264","013-707-699","Osinski, Schuster and Russel","http://www.blick.com/","Statistician","yellow","1982-11-25","abbey59@gmail.com","*PY^oqpb0eyFw,Y"
"26f3054a-56b6-3b5a-9003-828cf7350ab4","Mrs.","Demario","Schiller","71/34 Wuckert Locks","mouth","Malabon","Mississippi","Gibraltar","972-777-193","668-783-209","Kovacek LLC","https://padberg.com/quae-deserunt-illo-vero-eaque.html","Library Worker","navy","2003-12-27","fwitting@hotmail.com","V3+;~YzJW}"
"2d6c7627-dbce-3277-bb95-0335d46877e1","Dr.","Emmanuelle","Blanda","26 Thompson Park","shire","Cabanatuan","New Mexico","San Marino","795-182-405","535-636-037","Larkin LLC","http://www.pouros.com/atque-ut-laudantium-velit-voluptate-ea-officiis","Environmental Compliance Inspector","maroon","1991-08-09","pdouglas@leffler.com","|WaMfVWY`in"
"612d7919-9eda-30f7-a905-1534165519d9","Mr.","Theron","Friesen","12 Gerlach Cove Suite 916","chester","Tagaytay","District of Columbia","Guadeloupe","338-230-243","459-417-573","Kirlin, Reynolds and Hudson","http://www.monahan.com/corporis-quasi-voluptas-cum-eos-dolore-modi-repellendus.html","Law Clerk","navy","1997-08-19","bruen.jon@hotmail.com","(^+`)^vBP?bQ"
"a11c9d86-b823-3ff3-9b99-0eeaad0c23b8","Dr.","Alysson","Davis","37/41 Ziemann Turnpike","ville","Catbalogan","Illinois","Senegal","154-625-498","628-806-810","Anderson, Zemlak and Cummerata","http://www.gaylord.com/ad-est-itaque-aspernatur-rerum-doloremque-dignissimos-qui.html","Precision Aircraft Systems Assemblers","olive","2004-07-06","vivianne39@gmail.com","EGn+oW]erap"
"e31d319c-f603-3838-98ea-be28437367c3","Miss","Mariano","Collier","55A/32 Gulgowski Common Apt. 053","bury","Ligao","Pennsylvania","Tuvalu","466-735-915","812-956-156","Turner LLC","http://www.robel.org/pariatur-molestiae-aut-et-delectus-ex","Medical Secretary","olive","1999-09-26","zboncak.agustina@hotmail.com","Ey3qkRSeLZ7*}E"
"caff67e0-739a-31dc-ac1a-c0940c49449a","Prof.","Joaquin","Friesen","96/19 Langworth Island","burgh","Tabuk","Washington","Spain","145-506-665","358-458-131","McGlynn, Hegmann and Denesik","http://ebert.com/","Medical Assistant","olive","2005-11-12","queenie.schinner@gmail.com","OQ7e^d(\zfv<"
"938e136b-9a8c-3f7e-adc4-82fd6daddf74","Dr.","Kavon","Corkery","76 Kuhic Creek Suite 784","mouth","Dipolog","South Carolina","Micronesia","031-598-274","797-696-929","Abshire-Harris","http://gutkowski.info/","Licensed Practical Nurse","green","1975-06-28","aliyah.mertz@gmail.com","t}\f()&znW0Q)"
"f27a4cf1-76ce-3f63-878f-c12c8789797c","Dr.","Ora","Beahan","54A/43 Crist Radial","burgh","Iriga","Washington","Philippines","175-300-187","597-361-225","Lesch, Larkin and Jast","https://www.dickens.org/porro-aliquam-quam-assumenda","Transportation and Material-Moving","silver","1979-08-22","qwiza@gmail.com","$\5o?ghE8yuJ&-?500("
"2bc0b41f-a70a-3bd9-a2c9-c24c561a8ca6","Dr.","Fletcher","Beier","36 Mitchell Camp Apt. 869","burgh","Palayan","Colorado","Portugal","629-469-340","295-344-619","Goldner and Sons","https://okuneva.info/quibusdam-quia-saepe-quod-id-accusamus-ea-quod.html","Geoscientists","black","1999-12-18","stephany.heathcote@hotmail.com","o6$VXKm`O}0"
"ba5bde35-358a-3f20-8995-7eb0afe3a8a8","Prof.","Rosalinda","Spencer","52A Parker Viaduct","land","Naga","Rhode Island","Georgia","491-302-110","652-869-103","Bosco and Sons","http://www.mosciski.com/","Credit Checker","white","2014-02-15","wisoky.cordell@wisoky.com","+]""^Gmn"
"69713dfd-2b2f-32ae-82fd-047d04c152e5","Mr.","Juana","Berge","63/52 Considine Stream","fort","Tagum","Colorado","Saint Pierre and Miquelon","707-646-693","980-358-355","Buckridge-McDermott","https://www.stroman.org/asperiores-exercitationem-adipisci-vero-fugiat-repellat","Stationary Engineer","navy","2007-06-19","qkiehn@yahoo.com","==H.7wL0Uk}mc}MZ$gP"
"84a660f9-0f4b-302d-bcf7-51539cdad074","Dr.","Coby","Schimmel","91A Volkman Manors","mouth","San Fernando","South Dakota","Liberia","252-721-084","496-987-094","Hauck and Sons","http://herman.com/reiciendis-ea-odit-dolorum-saepe-at","Textile Worker","purple","2020-11-19","bulah.mosciski@cummerata.com","TE30#=C:cV(e1"
"6907c1fe-9e78-3ec1-ad52-6eb3ad53e884","Mrs.","Pietro","Murray","02A Kuhn Cliff","ton","Valenzuela","Louisiana","Iceland","974-715-830","361-671-944","Keebler-Jones","http://www.balistreri.com/quas-at-ratione-dolor-aut-corporis-ducimus","Geoscientists","blue","2010-03-14","malcolm37@little.biz","QCVJMp""8-!_^Bau7_"
"f3a08a34-9b68-3f84-8cd6-72cfb2e10733","Mr.","Jettie","Bogan","89 Murray Parkways","shire","Tuguegarao","Tennessee","Slovakia (Slovak Republic)","564-577-280","426-264-702","Wolf, Swaniawski and Romaguera","http://www.bartell.com/","Rigger","lime","2018-03-22","clay.steuber@gmail.com","#9291hjN=PN/W&!^Gx"
"4fed4636-cdb8-3545-8fd5-b896bbf5b634","Dr.","Foster","Kozey","91A King Coves Suite 291","ton","Toledo","Utah","Northern Mariana Islands","478-259-219","637-519-553","Schaden, McDermott and Shields","http://www.abbott.biz/commodi-et-laboriosam-aut-molestias-error-earum-harum.html","Physician","yellow","2000-08-26","haley.ritchie@rosenbaum.com","F]ODJd<""Qga"
"f1984284-1e55-3fa5-9bf9-889f4a3ab12b","Dr.","Carissa","Cummings","48 Grady Course","furt","San Juan","District of Columbia","Canada","667-226-869","742-299-151","Durgan and Sons","http://boyle.com/et-et-culpa-et-minima-molestiae-perspiciatis-voluptatem","Brake Machine Setter","green","1978-07-31","kaylee.windler@hotmail.com","4EDrQ'iJ8""g/~TOX'4"
"2f87c543-5b97-3eb6-9777-934ac534f702","Prof.","Blanche","Rosenbaum","23 Greenholt Orchard Suite 697","burgh","Makati","Virginia","Saint Lucia","207-601-347","049-066-766","Jones Ltd","http://bartoletti.com/","Gas Appliance Repairer","teal","2021-11-11","herzog.billy@damore.biz","S2O--*[L:y:}F"
"4283d188-290a-310c-a49a-89bcef8dd4ac","Mrs.","Ezra","Prohaska","31 Baumbach Brook","land","Lapu-Lapu","Connecticut","Israel","889-549-140","389-166-575","Lakin PLC","http://borer.com/ratione-et-voluptas-et","Paving Equipment Operator","yellow","1978-03-24","jerod30@yahoo.com","I+XaKV3,5"
"3844aaf6-c63a-30ae-9f8c-300e5facf0c6","Prof.","Jessyca","Kertzmann","42 Torp Wells Apt. 075","land","Escalante","California","Belize","903-209-967","391-865-131","Okuneva Group","http://www.bode.com/omnis-tempore-aperiam-nemo","Reporters OR Correspondent","yellow","1984-12-02","gkuhn@murazik.biz","SzlQ,@U/5A*q"
"f987efde-5583-3389-970c-d4617f28fbd2","Prof.","Lue","Wolff","97/85 Hickle Loop","chester","Carcar","Colorado","Papua New Guinea","049-357-926","793-727-848","Brakus Inc","http://bernhard.net/repellendus-modi-officiis-qui-neque-voluptate-in-quo","Forest and Conservation Technician","maroon","1986-12-10","kunze.twila@howell.com","|9d[s<Zl-"
"58116940-25a7-3d39-99e7-06a8527fa839","Dr.","Myrtie","Kulas","66/83 Howell Estate","chester","Dasmariñas","Illinois","Yemen","112-894-171","533-220-590","Sipes PLC","https://www.dare.com/voluptates-eveniet-minus-excepturi-velit","Roustabouts","navy","1991-12-26","skoch@yahoo.com","i[XN<hD60Zm,w`^eK`j<"
"0358dc66-d52c-32ac-9b1f-9b268d8314ab","Dr.","Hassie","Morissette","67 Kris Club Apt. 794","bury","Marawi","North Dakota","Isle of Man","289-709-217","213-032-589","VonRueden-Champlin","http://batz.com/quia-est-vel-quasi.html","Furniture Finisher","lime","1998-09-03","wolff.walton@yahoo.com","vN,""*/N4OD[xY"
"3e5eae07-d88e-3856-8832-3d18c3299a1d","Ms.","Neva","Moore","74 West Lake","furt","Tanauan","Alabama","Bosnia and Herzegovina","223-239-007","350-719-330","Grimes-Waelchi","https://www.halvorson.com/perferendis-sunt-dicta-repellendus","Typesetter","lime","2017-04-29","schamberger.raoul@gmail.com",".3Yy9+j5&.%"
"b3b8f568-c0cf-33bb-9122-b6e08f90d330","Dr.","Carey","Heathcote","89 Cartwright Lakes Apt. 357","berg","San Juan","Alaska","Burundi","724-642-835","031-917-027","Wyman-Cummings","https://balistreri.net/accusamus-aut-minima-qui-accusamus-hic-corporis.html","Fishing OR Forestry Supervisor","blue","2003-07-22","will.bulah@hotmail.com","Bnyo9s;0jR"">|\""qPg"
"1c9d7259-ca35-3d85-be14-76bcd4eea741","Miss","Glen","Wehner","71/75 Corkery Neck Apt. 678","burgh","Caloocan","South Carolina","Dominican Republic","294-595-486","887-370-097","Lemke Group","https://mosciski.biz/in-culpa-nobis-quisquam-molestiae.html","Taxi Drivers and Chauffeur","purple","2019-12-25","oceane84@gmail.com","{(%[YJ%"
"7a055a65-67f2-3329-9cbf-bdd807198a9e","Prof.","Chadd","Wintheiser","74A/23 Schroeder Villages Suite 757","view","Tabuk","Montana","Afghanistan","888-146-294","691-493-580","Lueilwitz-Dare","http://www.walker.org/et-ea-aut-harum-voluptate","Engineering Manager","black","1976-10-01","hhegmann@grady.net","^WRpPRw\1O#^^4"
"156d95ff-77ef-30de-aa69-05061c0e81e8","Mr.","Merlin","Wolff","27A Johns Viaduct Suite 543","chester","Cauayan","New Hampshire","Ghana","120-191-789","144-317-432","Roberts Ltd","http://kulas.com/necessitatibus-odio-sed-cupiditate-quo-est-voluptatum.html","Material Movers","black","2011-06-29","ypfeffer@kris.com","@*[`jn;$B!"
"9ab0c931-2c40-31b4-8713-c40440783c4a","Dr.","Ivy","Daugherty","43A/54 Johnson Village Apt. 439","berg","San Jose del Monte","Oklahoma","Netherlands","129-410-618","574-157-138","Gerlach PLC","http://www.pfannerstill.com/cumque-qui-distinctio-voluptatibus-expedita-debitis-vitae.html","Cutting Machine Operator","silver","1983-03-20","ferry.arturo@pacocha.com","j1}u|wa'ky#}V|U"
"e7ca05d6-52f6-3cb5-b37d-a52455459ae2","Prof.","Tiana","Bogan","66A/23 DuBuque Lock","mouth","Sipalay","Kansas","Norfolk Island","543-608-978","229-813-357","Strosin, Schoen and Ebert","http://beahan.com/quidem-iusto-incidunt-consectetur-fugiat-fuga-et-iste","Bellhop","aqua","2001-05-09","toy.kennedi@herman.com","_+tJ;w"
"6c4774eb-545a-34c1-bc26-332ec06cd245","Mrs.","Javonte","Towne","78A/17 McKenzie Street","borough","Marikina","South Dakota","Albania","703-614-690","214-233-005","Weber-Armstrong","http://www.schimmel.org/dolorum-in-tempore-voluptatibus-qui-soluta-laboriosam-odit","Woodworker","green","1994-07-05","mohammad.fadel@hand.com","4ZFGzUX.6i@n7e"
"37bda8d1-b3f3-3fa6-b259-b96afb3bda9d","Dr.","Giles","Rolfson","23A Abernathy Canyon","stad","Bacolod","Idaho","Albania","128-571-253","586-360-160","Murray PLC","http://www.gorczany.com/magnam-corrupti-et-quo-quis-earum-voluptates.html","Grinder OR Polisher","yellow","2022-11-25","cronin.blanca@okeefe.com","rMta}&%B"
"b882cfeb-c86d-3461-a6d7-2b02a4bcbdc8","Prof.","Kurtis","Thiel","14A Bayer Springs Apt. 034","view","Butuan","Delaware","Bhutan","788-597-382","986-240-943","Bailey, Ratke and Pouros","http://www.hilpert.com/ab-et-quia-tempore-itaque-voluptas-et-excepturi.html","Public Relations Manager","white","2010-10-03","saige14@jacobi.com","{u2?WI6-Y&;5B"
"26338079-afbb-3bbd-9ff4-b87784b7eafb","Mr.","Brady","Klein","45A/53 Dibbert Mountain Apt. 724","chester","Alaminos","Maine","Puerto Rico","635-996-422","264-414-460","Klocko Ltd","https://www.bins.info/error-repudiandae-non-incidunt-qui-sed-magnam-quasi-voluptas","Telemarketer","teal","1970-01-14","janick51@pfeffer.info","zw(i%[Q2"
"03d268b8-fe4c-386a-aa4f-0fde7ca4cb82","Prof.","Laurel","Marks","67A/86 Johnston Stravenue","ville","Ilagan","Rhode Island","Suriname","941-486-341","242-223-674","Wilderman Ltd","http://green.org/","Agricultural Product Grader Sorter","black","1994-09-21","carli.conroy@emard.info","(V(7Hg+_'"
"37b57655-85ba-3126-accb-225cf703e112","Ms.","Delilah","Renner","27A/36 Braun Ramp","stad","Naga","Washington","Ghana","897-818-845","635-494-889","McLaughlin LLC","http://www.wisozk.net/quia-ullam-qui-nesciunt-odio-quibusdam-minima-voluptas","Sheriff","lime","1976-09-08","flavio76@hotmail.com","{mN7:e"
"dd776c2d-a995-3969-a410-97c3af3a06f1","Mr.","Katrina","Kunde","52A/57 Abbott Ports","bury","Tuguegarao","Michigan","Netherlands Antilles","492-506-113","104-218-520","Cole, Stracke and Jacobi","http://www.crist.org/","Transportation Manager","lime","1995-03-12","noemie88@gmail.com","/X&_$C*c6^"
"87c93ff9-5923-3d38-8d6a-aa3239d7c16f","Dr.","Bridie","Bins","55A/40 Bailey Crossing Apt. 992","side","San Fernando","Massachusetts","Portugal","661-322-972","588-082-911","Hermiston and Sons","http://lubowitz.info/","Fiberglass Laminator and Fabricator","purple","2004-08-09","senger.wyatt@keebler.com","H%K}jWgRY&k&X6`71Ke"
"1b909b76-2ba7-3e1e-bbdb-ab31b3f1f201","Ms.","Shawn","Morissette","83A/85 Thiel Parkway Suite 489","port","Iloilo City","Missouri","Burundi","438-760-799","586-656-352","Flatley, Farrell and Farrell","http://swaniawski.org/aut-ab-eius-ducimus-accusantium.html","Floor Layer","olive","1972-01-09","nicola23@gmail.com","`#0DIEtNQ~stSvDspC"
"55ab432c-83ae-3e2b-adb1-4aca35ef310f","Dr.","Zaria","Jones","92/68 Hansen Circles","side","Cauayan","New Jersey","Haiti","866-696-755","273-282-950","Borer PLC","http://hessel.biz/recusandae-quaerat-est-exercitationem-non-incidunt-et-est-sed","City Planning Aide","black","1975-12-08","jasen.considine@wilderman.com","r~nQ!t}g6"
"4a621efa-db46-3cc2-a01f-d8e9e14c05d8","Prof.","Elwyn","Hill","35A Breitenberg Bypass Suite 572","furt","Makati","Wisconsin","Qatar","908-622-942","884-477-398","Schroeder-Rutherford","http://olson.com/praesentium-non-ad-ipsa-cumque-qui-quia-ea","Telemarketer","silver","1982-01-23","karen45@gmail.com",")%#2dpTn`S6L"
"d7d0270c-9aa3-3d27-8245-7a2a01757cd4","Ms.","Malachi","Kertzmann","66A Schuster Course Suite 999","side","Bayawan","Alabama","Bermuda","931-930-927","733-311-568","Klein-Mitchell","http://thiel.biz/","Bulldozer Operator","white","1999-02-06","cary.wunsch@jacobi.com","ri2aCvUy\@GW=sXh-"
"5edad435-8d1b-339b-bac3-ad8b77acef1d","Ms.","Remington","West","27 Pouros Divide","mouth","Guihulngan","West Virginia","Iceland","058-450-379","452-918-943","Ryan, Lesch and Schmidt","http://www.gutmann.net/perferendis-corporis-aliquid-in-est-ipsam","Bellhop","maroon","1972-03-31","karen76@bauch.com","(Ml-s1q=hbu}~?)"
"809ee75f-01cc-3671-96e5-056deb2571f0","Miss","Augusta","Botsford","79A/20 Gibson Trail Apt. 447","borough","Caloocan","Arizona","Lithuania","684-706-507","305-558-519","Satterfield and Sons","https://leffler.com/omnis-voluptas-voluptate-possimus-aut.html","Educational Counselor OR Vocationall Counselor","gray","1980-10-20","icole@hoppe.com","v{rW&WTR"
"2f025959-3662-3cfe-9bbb-8b3ada698c3b","Dr.","Wilmer","Kuvalis","57/52 Legros Mill","port","Puerto Princesa","Tennessee","Bangladesh","775-044-445","577-489-159","Dickens, Ankunding and Schimmel","http://www.tromp.biz/voluptas-possimus-magni-est-voluptas-assumenda-quia-est.html","Veterinarian","navy","2023-12-24","blair.white@bosco.biz","S'xpNzgS1n+&&raW"
"46cd30cd-b7e7-37f9-8fe9-2c1ab6954e0f","Mrs.","Jerald","Bailey","81A/86 Monahan Garden","fort","Oroquieta","Massachusetts","Puerto Rico","102-474-891","945-278-571","Sauer-Gottlieb","http://www.kilback.org/quo-libero-doloribus-ut-ea","Directory Assistance Operator","fuchsia","1987-02-24","chelsea.bechtelar@hotmail.com","&c?+eyD>`*(V@"
"adec3a41-120f-3f9f-b9ce-853641ccecd4","Dr.","Elijah","Glover","73A West Turnpike Apt. 295","ville","Gingoog","Washington","Fiji","787-046-218","967-271-783","Lowe-Kuhlman","http://monahan.com/totam-aut-voluptatem-consequatur-aliquam-explicabo-adipisci","Radio Mechanic","yellow","2016-05-15","green.ayana@bogan.com","()ZKv,/Jp<&^l{#C"
"88baa214-a627-3f03-b279-e057f5f3dc1c","Miss","Rosella","Dietrich","32 Howell Key Apt. 656","ville","Palayan","Arkansas","Anguilla","022-833-218","604-016-670","Franecki Group","http://ohara.info/accusamus-enim-porro-officia-architecto-est","Security Systems Installer OR Fire Alarm Systems Installer","fuchsia","1973-06-19","dewitt52@hotmail.com","/q<zywt"
"0d6c530e-d81b-358e-b0a2-4cc32b6cf27d","Mr.","Maximillian","Dickinson","23/36 Kub Cliff Apt. 246","bury","Palayan","Minnesota","Brunei Darussalam","321-446-913","573-542-432","Roberts-Larkin","http://bechtelar.biz/at-molestias-nobis-vel-rerum-ipsam-ea","Hand Sewer","purple","2007-09-30","spacocha@gmail.com","uobRL9Gz\;1(V_D"
"602c3e97-209e-3f85-9d5f-ddbf5b03608f","Miss","Viola","Hirthe","83A Berge Squares Suite 544","mouth","Bislig","Massachusetts","Djibouti","185-106-177","943-261-118","Schmidt, Gusikowski and Hahn","https://senger.org/aut-doloribus-ut-illum-fugiat-iste.html","Technical Director","silver","1994-05-22","wratke@eichmann.org","fc&PbGOP|!^2E"
"f039d72a-dbf9-3807-9c6e-c8f61c6f715e","Dr.","Ibrahim","Kuvalis","54 Kirlin Valley","furt","Palayan","Missouri","Chad","181-573-218","339-789-240","Gutkowski, Skiles and Ratke","http://www.daniel.com/aut-aut-et-sit-est-molestias-consequatur.html","Musician OR Singer","olive","2002-08-23","tillman.tad@yahoo.com","E+)-ffT"
"768bc6e4-4422-38b0-b3fa-be26eae52b9c","Mr.","Christa","Schiller","24A/79 McCullough Mountain Suite 815","port","Tangub","Indiana","Samoa","168-719-533","986-621-489","Goyette-Olson","http://erdman.org/nostrum-deserunt-exercitationem-explicabo-asperiores.html","State","maroon","2006-10-19","howe.curtis@boyle.net","SMX@$_z`gB9<!7S"
"391fc6c9-324c-3113-8cc2-ba8ef4210b26","Mr.","Mazie","Heathcote","46/35 Kling Meadow","berg","Carcar","Nevada","Honduras","858-157-727","845-251-936","VonRueden-Reinger","http://ritchie.org/in-autem-et-quod-at-dolor-illo-officia","Coroner","navy","1974-04-23","kling.faye@hotmail.com","QCF3T;gw,"
"14404c62-e536-3110-970b-d55efa53d939","Mr.","Anjali","Welch","70A Bednar Mills Apt. 956","fort","Lipa","Iowa","Ethiopia","099-013-174","774-693-594","Kunde Group","http://barrows.com/","Occupational Therapist Assistant","teal","2002-03-17","acorwin@altenwerth.com","?`{A/qh49H#.1UuXKC7@"
"c5be8101-e857-39b5-a373-7a93f6e7f16c","Dr.","Annabel","Schuppe","98 Lebsack Course","borough","Palayan","North Dakota","Kazakhstan","640-135-078","022-402-874","Ebert LLC","http://maggio.info/quis-id-distinctio-totam-tempore.html","Middle School Teacher","lime","2011-08-10","major.okuneva@hotmail.com","2vCG<hmk#I1$^{hR"
"e0c91e1e-b475-3cb0-a631-2220b37ebc17","Dr.","Candelario","Jacobs","82 Koss Island","view","Cabadbaran","Indiana","Benin","324-253-305","191-533-555","Becker PLC","https://beatty.com/autem-quis-amet-ipsum-sit-aliquam.html","Electric Motor Repairer","aqua","2018-10-22","helga87@marvin.biz","2~!a8.?nCjRJlK4KG$gd"
"91eb7230-f0e6-377a-8f70-6dc0c8936724","Miss","Sammie","Dickens","10/94 Jast Brook Apt. 767","side","Iligan","Louisiana","Honduras","602-347-680","968-810-399","Blanda, Hudson and Gerhold","https://www.barton.info/mollitia-aut-temporibus-ut-temporibus-ullam-perferendis-quia","Postal Service Mail Carrier","teal","1972-01-27","katheryn.murazik@labadie.com","';H-qUoCIZZ6"
"b1ffbeda-3fe9-3457-be96-be7c7a6fd715","Ms.","Constance","Heaney","25 Moen Corner Suite 300","ton","Bais","Mississippi","Afghanistan","935-383-809","741-027-911","Ullrich, Beer and Shanahan","https://www.cummings.net/sunt-quo-tempora-et-iste-minus-iusto","Transportation Equipment Painters","olive","1997-03-04","zstokes@hotmail.com","89MuVQs&/0%AnS'erk"
"fe1b7a68-77d9-35a1-8e38-b8d2f81b4271","Dr.","Pattie","Dare","51 Bashirian Plains Suite 708","shire","Cagayan de Oro","Iowa","Sweden","858-363-373","892-176-394","Prosacco, Watsica and Schamberger","http://gulgowski.com/","Chemical Technician","blue","1977-01-15","bernie69@gmail.com",".}M@x`H"
"f5fad0c1-03bd-386c-b50c-c1306035655a","Dr.","Albertha","Mertz","76A/52 Schoen Drives","ville","Naga","Rhode Island","Serbia","995-352-793","349-347-391","Murazik-Heathcote","https://rowe.net/saepe-ullam-hic-quia-nisi-voluptatum.html","Multi-Media Artist","lime","2002-12-27","elody.spencer@gmail.com","G(?Ue+pb.F3>&"
"d4231c23-9302-3f4e-8d26-547982e0cd93","Mrs.","Ila","Willms","69A Fay Street Apt. 250","burgh","Tuguegarao","Mississippi","Belgium","483-579-686","200-282-683","Jenkins, Nitzsche and Cronin","http://www.torphy.org/","Law Enforcement Teacher","lime","1979-08-03","tanya.grant@hotmail.com","5{,x~]"
"2e52830c-a325-3eb1-bcee-474ab5117ff5","Prof.","Madeline","Kris","33/28 Daugherty Squares Apt. 434","mouth","Lucena","Florida","Samoa","254-401-147","533-841-410","Ritchie Inc","http://fisher.com/","Eligibility Interviewer","lime","2010-08-16","langworth.jany@hilpert.com","7Y7v9k"
"025dffb5-1670-3b3a-9040-fa6e3e46d9a5","Miss","Marcos","Schulist","07A/03 Beer Plains Apt. 823","town","Borongan","Texas","Aruba","366-943-189","430-158-175","Wyman and Sons","https://schoen.net/architecto-fuga-minus-possimus-ipsum.html","Molder","navy","1982-11-28","emile01@gmail.com","cO`e;1KUb8\""ic"
"77dbae03-81cf-3a78-a5b9-6c8abac22406","Mr.","Nedra","Heaney","87A Weimann Throughway Apt. 200","bury","Tangub","Massachusetts","Gibraltar","874-054-164","218-671-582","Bernhard, Fadel and Walsh","https://www.schultz.com/voluptatem-quo-aut-expedita-impedit-assumenda-exercitationem-non","Urban Planner","blue","2016-01-20","miracle.wiegand@yahoo.com","4o$YFFq9/7LTB""vKo\"
"61e7fa37-3afe-316a-89a5-b8555cfe3b0b","Ms.","Ole","Friesen","37A/04 Effertz Isle","burgh","Imus","Mississippi","Azerbaijan","964-803-980","731-075-044","Jones, Murazik and Reilly","http://www.buckridge.com/vitae-praesentium-quia-labore-autem-et.html","Event Planner","navy","2002-12-26","elouise56@yahoo.com","#G&Y(/1!qUY>Kg~;_W"
"774fd68d-045d-372d-803c-8ecfb3b6d002","Mr.","Adeline","Green","55/80 Dietrich Station Apt. 608","town","Sagay","New Mexico","Cuba","001-724-722","164-173-900","White, Kulas and Crooks","http://www.lowe.com/ipsa-dolorem-minima-sit-eum-et-ut","Aviation Inspector","black","2009-06-09","phills@gislason.com",">bw\?Is"
"3633caa9-c21a-30cb-9a66-3170ceb1dd19","Prof.","Dangelo","Ferry","76A Reinger Path Suite 858","fort","Dipolog","Washington","Cocos (Keeling) Islands","819-358-701","060-618-876","Jast, Wunsch and Pollich","http://www.schulist.com/blanditiis-quis-a-et-quas-sapiente-molestiae-eius","Logging Worker","yellow","1981-10-15","hwuckert@hotmail.com","0dr-d~#VfQM_qW0"
"88686927-faf3-3f7a-9adc-be5534d9feae","Dr.","Madelyn","Schowalter","59/97 Kuphal Lake Apt. 395","view","Sagay","Maine","Mauritania","468-768-586","116-546-572","Davis, Wolf and Davis","https://dietrich.com/culpa-ducimus-dignissimos-aut-magni.html","Marketing VP","purple","1976-12-29","qsanford@donnelly.org","@J{zdKojK-:g]"
"772dc35d-fa83-394c-a832-9df7474ed1dd","Mr.","Carmela","Wolf","79/29 D'Amore Walk","berg","Talisay","New Jersey","Bermuda","624-693-971","590-177-615","Russel Group","http://www.stracke.com/sapiente-harum-sit-dignissimos-nihil","Opticians","green","2014-09-11","xlebsack@hotmail.com","iBR`-B&aJYH-MW<)*Vh$"
"0592681d-3437-3c75-a1c1-09b1d5053738","Mr.","Landen","Marquardt","59A Krajcik Lights Apt. 561","chester","Sagay","District of Columbia","Angola","104-445-771","484-491-421","Hill, Zieme and Kemmer","http://www.medhurst.com/fugiat-quasi-sunt-est-sint-facilis-eveniet-asperiores-rerum.html","Construction Manager","silver","1976-01-18","ismael20@yahoo.com","IA~ZP$1"
"e818f8ee-ab07-37f9-a4ac-40c01a9198fe","Miss","Pearlie","Davis","73/36 Schowalter Throughway","view","Tacurong","West Virginia","Vanuatu","116-314-339","373-047-344","Langosh LLC","http://trantow.com/magni-eos-labore-voluptatem-laudantium-ea","Food Tobacco Roasting","white","2015-07-21","ken.kohler@quitzon.biz","xE%((r&7d.DS_T/XTLH"
"f2a8b2dc-5424-3a3d-9eb6-99f8e74ab8bd","Mr.","Armani","Leuschke","10 Kutch Valleys","view","Carcar","New Hampshire","Congo","376-572-112","571-249-737","Terry Group","http://white.org/atque-voluptatum-inventore-libero-hic-et.html","Transformer Repairer","olive","2015-08-31","elda76@yahoo.com","4G*&Hj-'0|j"
"b68546d5-aab2-3040-be11-b8aa652c86ae","Prof.","Orpha","Anderson","47A Lind Glens Apt. 982","land","Bislig","Nebraska","Burundi","320-446-093","403-230-376","Feest-Bayer","http://walter.com/","Exhibit Designer","black","2006-09-13","mhilpert@hotmail.com","zQKl2N{8`M"
"462753c6-8ee0-3fd8-8d44-17b5e9c6ce35","Prof.","Billy","Bednar","50/52 Sanford Divide Suite 620","shire","Calapan","Washington","Switzerland","511-941-980","244-154-114","Durgan-Stanton","https://www.smith.com/fugit-architecto-veniam-eaque-sit-occaecati-deserunt","Sales Manager","gray","2007-07-29","cartwright.sandrine@yahoo.com","P/e'osT.c*WOE9##"
"1788b0f5-a983-39b0-a23e-0df75bb3d43a","Dr.","Carmelo","Price","02A/75 Fahey Cape","chester","Dumaguete","Alabama","Slovenia","705-335-251","092-294-448","Gleichner-Thompson","http://www.collier.com/dicta-nobis-nulla-dolores-est","Chemist","white","2022-11-29","vpfannerstill@cormier.com","2sg}82!QRF!Fu""VMh"
"b2e6e1d1-3d19-3db7-82e6-3ef68f7facff","Dr.","Scotty","Casper","37/26 Stracke Mill Apt. 803","ton","San Fernando","District of Columbia","Antarctica (the territory South of 60 deg S)","190-237-296","659-892-503","Grant-Trantow","http://www.trantow.com/","Carpet Installer","blue","2008-09-07","lexie06@damore.com",":Od=fi?(KpE"
"0e892bdb-a4f6-3015-bea5-0310140f941f","Prof.","Isaias","Hegmann","68/77 Brakus Manors","stad","Tuguegarao","Missouri","Svalbard & Jan Mayen Islands","049-473-766","661-077-540","Macejkovic Inc","https://www.bednar.com/consequatur-molestias-cum-et-quisquam-ipsum-omnis-est","Online Marketing Analyst","white","2020-04-18","billie02@aufderhar.com","Sf<dX<{RB"
"9a2b6b86-2aa8-3e34-8a97-449026ae8eed","Dr.","Angelina","Reichert","05A/98 Bergstrom Circles","land","Tanauan","Maine","Colombia","591-674-971","099-802-658","Leffler LLC","https://marquardt.com/voluptates-doloribus-id-architecto.html","Photographic Reproduction Technician","maroon","1984-03-13","willms.gavin@breitenberg.com","VM9lAo"
"e80d2890-c641-3308-8872-e1b5ef249386","Mrs.","Sophia","Hegmann","26A Champlin Groves Apt. 764","burgh","Puerto Princesa","Oklahoma","Bolivia","089-883-177","345-758-534","Buckridge-Conroy","http://braun.com/praesentium-dignissimos-ut-doloribus-omnis","Reporters OR Correspondent","navy","2022-05-13","leffler.ursula@yahoo.com","=Koqar'K_wJ5"
"fc3f796d-5b2e-37a2-8150-cc6e32de5349","Mr.","Morton","Cartwright","85 Feest Forks","ton","Guihulngan","Connecticut","Luxembourg","940-312-802","454-812-930","Langworth, Reichert and Sauer","http://gaylord.net/ut-molestiae-ex-itaque-quisquam.html","Electronic Engineering Technician","black","2011-03-03","ndare@ullrich.biz","4m4'641__+9uf""7"
"979581dd-47d3-3b53-98ec-62a3decd8e7c","Mr.","Elton","Graham","11A Kemmer Shoal","mouth","San Pedro","Nebraska","Russian Federation","572-318-555","729-485-472","Funk-Schuster","http://moore.com/sit-quis-in-et-amet-impedit-asperiores","Maintenance Equipment Operator","gray","2023-12-14","deondre.block@hotmail.com","4b8)21~"
"7297b377-29e6-3c47-85d0-87adde1f8453","Dr.","Frederic","Trantow","94/73 Mosciski View","berg","Tagbilaran","Georgia","Eritrea","571-976-939","376-422-518","Kulas, Gibson and Wuckert","http://www.rolfson.net/voluptatem-quibusdam-quasi-distinctio-facilis-atque","Gauger","gray","1992-06-30","robel.marquise@cormier.org","*SYR9UU|grr?*.}^/"
"a1939e1f-043b-30c6-acf2-919c564f82c6","Dr.","Jaclyn","Senger","57 Pfannerstill Estates","side","San Jose del Monte","Iowa","Poland","481-903-895","441-437-629","Kessler-Spinka","http://www.fahey.com/cum-nihil-quia-tempora-non-quo-voluptatem","Rail Transportation Worker","white","2022-12-13","mikayla.torp@hotmail.com","0crWfyOoBb]BR*X5UqX"
"3091be44-1dbb-3330-af92-caf88a58cc86","Prof.","Bell","Ruecker","98A Skiles Radial","fort","Tagbilaran","Arkansas","Libyan Arab Jamahiriya","097-397-204","613-989-467","O'Reilly-Brakus","https://runte.com/nesciunt-reprehenderit-voluptatum-non-minus.html","Educational Counselor OR Vocationall Counselor","maroon","1988-04-12","gene45@yahoo.com","1n9{ag<BJ[F$"
"7b456ddf-9532-3cd8-a278-15def64e7079","Dr.","Antonette","Jacobs","75/81 Cummings Gardens Apt. 231","shire","Lucena","Indiana","Bhutan","634-037-499","026-279-112","Durgan PLC","http://www.franecki.com/","Substance Abuse Counselor","maroon","2013-02-08","juanita.bernier@ziemann.net","2W6xsexj"
"4304ee10-5cf5-3868-993e-15d12fd28bb1","Prof.","Liza","Effertz","78A Hudson Stream","furt","Pasig","New Mexico","Pitcairn Islands","304-453-870","486-041-480","Fay Ltd","http://collins.net/laboriosam-non-optio-aut-consequatur-vel-voluptate","Tailor","navy","1979-07-20","sdavis@vandervort.com","s}k;].GbA/A3j,"
"80ccdfce-205c-367c-b316-18d087cdf26a","Mrs.","Darrin","Gleichner","88 Corkery Passage Suite 168","port","Escalante","Idaho","Bolivia","564-620-190","604-023-868","Schowalter, Gerhold and Runolfsdottir","http://sporer.org/dolorum-omnis-est-qui-quaerat-omnis-cum.html","Writer OR Author","teal","1978-11-19","aryanna.armstrong@gmail.com","|M>6gqP+D`GnQ9""\A&"""
"ada768ef-b555-363a-b9f5-c533327a4119","Mr.","Benedict","Williamson","49 Mann Estates Apt. 525","chester","Isabela","Wyoming","Zimbabwe","898-526-079","388-298-382","Lindgren and Sons","https://homenick.com/sit-dicta-amet-porro-similique-quidem-hic.html","Rough Carpenter","navy","2017-11-12","lavon38@yahoo.com","&!Oy)A[1Ju]z4"
"ee2689b6-d550-3c3f-bd71-122682f45dd0","Dr.","Ryley","Cassin","82/18 Kautzer Square","furt","Dagupan","Arizona","Saint Pierre and Miquelon","458-140-382","967-516-068","Glover LLC","http://www.schiller.org/aspernatur-necessitatibus-qui-nesciunt-sapiente-fuga-amet","Marriage and Family Therapist","blue","2003-05-30","malika.macejkovic@gmail.com","-Pz:^-U\R|R#0&I"
"bc88ddd4-d279-392c-954f-1f7c812f4fe9","Dr.","Makayla","Kub","54A/57 Doyle Crossroad","town","Malabon","Louisiana","Martinique","264-067-774","297-954-018","Gusikowski PLC","http://simonis.com/","Astronomer","white","1989-04-18","adams.jonathon@yahoo.com","ZtyV%R0wo|,^G-7T"
"d5861b13-e41c-3fa9-bb9d-029e644d686c","Prof.","Eugene","Schiller","39/15 Jaskolski Corners Apt. 506","town","Dasmariñas","California","Montenegro","300-989-283","935-898-488","Connelly Inc","https://gorczany.net/neque-beatae-nostrum-ut-velit-id.html","Dental Laboratory Technician","yellow","1990-02-01","buddy.barrows@hotmail.com","OX1NomUA"""
"305ab316-8fcf-37ec-a568-5ec7da3dcffc","Mrs.","Dante","Macejkovic","81 Wiza Squares Apt. 510","berg","Lamitan","Alaska","Djibouti","450-324-233","271-696-749","Zboncak and Sons","http://www.koch.com/","Medical Sales Representative","navy","1975-06-11","rowan92@zulauf.com","x]eT44FpT~<""/+g&dD0"
"fb23cc15-8c6d-36e7-80ca-b40eb2b7a6fc","Ms.","Darwin","Cronin","77A Simonis Cove","furt","Bacoor","Oklahoma","Kyrgyz Republic","461-283-123","105-219-133","Dibbert, Armstrong and Considine","http://www.muller.info/et-ad-non-inventore-aut-minus-voluptates","Pressure Vessel Inspector","maroon","2005-10-25","triston.weimann@mueller.com","x=0R07V&^H/PjOY7U"
"8cf78bcb-5b87-30ed-934f-b3e0f71554d6","Prof.","Alan","Steuber","62/99 Becker Course Apt. 120","ton","Victorias","Nevada","Malaysia","451-067-711","523-659-203","Cruickshank Ltd","http://braun.net/","Spotters","teal","1981-06-23","jacey39@hotmail.com","C~^Ou`d"
"af535006-72d1-3178-9e49-8f750415101d","Mr.","Marcella","Tromp","22A/95 Schamberger Fort","ville","Valenzuela","Kansas","Chad","472-305-121","607-379-276","Leffler Group","http://mante.com/aut-sed-rerum-minus-et","Health Services Manager","maroon","1971-03-24","tfadel@yahoo.com","Y^)-#~'"
"575c6333-cbc7-3dde-8c1c-1a7bb7bdf19f","Mr.","Blaise","Russel","98A Corkery Loaf","borough","Muntinlupa","Washington","Uganda","086-026-516","827-523-573","Hartmann-D'Amore","http://farrell.com/quasi-dicta-ea-nemo-nisi-totam-non.html","Construction Laborer","aqua","1996-02-01","calista.altenwerth@yahoo.com","9z@A""47?^'Xp&}"
"05522e53-4a21-3c86-baf7-740e0a009cc2","Prof.","Mina","Jacobi","61 Bernier Neck Apt. 115","mouth","Himamaylan","Massachusetts","Uzbekistan","403-344-143","543-734-746","Ritchie PLC","http://www.romaguera.com/sint-non-enim-dolores-non","Licensing Examiner and Inspector","black","2003-12-03","gusikowski.sigrid@cronin.org","\`^^pwikNuQ0CO|-$KO"
"1b1f268a-7171-3a83-a1f1-dc5367988210","Prof.","Ben","Larson","21/36 Trantow Well Suite 244","mouth","Panabo","West Virginia","Madagascar","465-148-796","306-772-688","Turner, Lubowitz and Sawayn","http://kub.info/","Clergy","black","2023-06-08","tremayne.glover@gmail.com","j[yK`4/C*~%G{T;&4E"
"b30cc21d-f9fd-3b44-a607-d451c4f04878","Miss","Madie","Sporer","45/58 Heaney Springs","furt","Mandaluyong","Vermont","Denmark","106-055-167","137-819-645","Gislason, Farrell and Parisian","http://prohaska.com/ullam-modi-perspiciatis-nemo-voluptatem-est","Woodworking Machine Operator","olive","2010-04-23","miguel99@hotmail.com","zkj8e\|{bcgm|LG"
